,detailedaddress,prefecture_id,prefecture_name,county_id,county_name,township_id,township_name,addresslevel,id,name,road_id,road_name,village_id,village_name,block_id,block_name,building_id,building_name,unit_id,unit_name,floor_id,floor_name,door_id,door_name,p_day,p_city
2822,杭州市西湖区留下镇小和山社区新苑二区7# --- 14#,2,杭州市,19,西湖区,267,留下镇,4,2314857,7# --- 14#,2308970,小和山社区,\N,\N,2311867,新苑二区,2314857,7# --- 14#,\N,\N,\N,\N,\N,\N,20220601.0,2.0
2823,杭州市西湖区留下镇小和山社区新苑二区15# --- 24#,2,杭州市,19,西湖区,267,留下镇,4,2311869,15# --- 24#,2308970,小和山社区,\N,\N,2311867,新苑二区,2311869,15# --- 24#,\N,\N,\N,\N,\N,\N,20220601.0,2.0
2824,杭州市西湖区留下镇小和山社区新苑二区33# --- 40#,2,杭州市,19,西湖区,267,留下镇,4,2314859,33# --- 40#,2308970,小和山社区,\N,\N,2311867,新苑二区,2314859,33# --- 40#,\N,\N,\N,\N,\N,\N,20220601.0,2.0
2825,杭州市西湖区留下镇小和山社区新苑二区1# --- 6#,2,杭州市,19,西湖区,267,留下镇,4,2311868,1# --- 6#,2308970,小和山社区,\N,\N,2311867,新苑二区,2311868,1# --- 6#,\N,\N,\N,\N,\N,\N,20220601.0,2.0
2826,杭州市西湖区留下镇小和山社区新苑二区25# --- 32#,2,杭州市,19,西湖区,267,留下镇,4,2311870,25# --- 32#,2308970,小和山社区,\N,\N,2311867,新苑二区,2311870,25# --- 32#,\N,\N,\N,\N,\N,\N,20220601.0,2.0
498773,杭州市西湖区古荡街道益乐社区益乐南村小区一区34# --- 37#（正）,2,杭州市,19,西湖区,264,古荡街道,7,44422675,（正）,88243,益乐社区,5387692,益乐南村小区,\N,\N,5387740,一区34# --- 37#,\N,\N,\N,\N,44422675,（正）,20220601.0,2.0
499078,杭州市西湖区留下镇小和山社区小和山新苑新苑一区33# --- 44#(CTT-高新),2,杭州市,19,西湖区,267,留下镇,7,25378332,(CTT-高新),2308970,小和山社区,5445672,小和山新苑,5445775,新苑一区,5445787,33# --- 44#,\N,\N,\N,\N,25378332,(CTT-高新),20220601.0,2.0
513440,杭州市西湖区留下镇小和山社区小和山新苑新苑三区19# --- 28#商铺（CTT-高新）,2,杭州市,19,西湖区,267,留下镇,7,25423638,（CTT-高新）,2308970,小和山社区,5445672,小和山新苑,5445859,新苑三区,21442601,19# --- 28#商铺,\N,\N,\N,\N,25423638,（CTT-高新）,20220601.0,2.0
513441,杭州市西湖区留下镇小和山社区小和山新苑新苑二区33# --- 40#商铺（CTT-高新）,2,杭州市,19,西湖区,267,留下镇,7,25423649,（CTT-高新）,2308970,小和山社区,5445672,小和山新苑,5445705,新苑二区,21442612,33# --- 40#商铺,\N,\N,\N,\N,25423649,（CTT-高新）,20220601.0,2.0
513442,杭州市西湖区留下镇小和山社区小和山新苑新苑五区1# --- 10#商铺（CTT-高新）,2,杭州市,19,西湖区,267,留下镇,7,25423653,（CTT-高新）,2308970,小和山社区,5445672,小和山新苑,5445674,新苑五区,21442623,1# --- 10#商铺,\N,\N,\N,\N,25423653,（CTT-高新）,20220601.0,2.0
513475,杭州市西湖区古荡街道益乐社区益乐南村小区一区55# --- 60#商铺（正）,2,杭州市,19,西湖区,264,古荡街道,7,44424958,（正）,88243,益乐社区,5387692,益乐南村小区,\N,\N,21452853,一区55# --- 60#商铺,\N,\N,\N,\N,44424958,（正）,20220601.0,2.0
945995,杭州市西湖区留下镇小和山社区小和山新苑5区41# --- 44#,2,杭州市,19,西湖区,267,留下镇,4,61265117,41# --- 44#,2308970,小和山社区,5445672,小和山新苑,61265116,5区,61265117,41# --- 44#,\N,\N,\N,\N,\N,\N,20220601.0,2.0
962587,杭州市西湖区留下镇小和山社区小和山新苑新苑二区25# --- 32#(CTT-高新),2,杭州市,19,西湖区,267,留下镇,7,25378375,(CTT-高新),2308970,小和山社区,5445672,小和山新苑,5445705,新苑二区,5445832,25# --- 32#,\N,\N,\N,\N,25378375,(CTT-高新),20220601.0,2.0
962588,杭州市西湖区留下镇小和山社区小和山新苑新苑六区29# --- 36#(CTT-高新),2,杭州市,19,西湖区,267,留下镇,7,25380644,(CTT-高新),2308970,小和山社区,5445672,小和山新苑,5445736,新苑六区,5445975,29# --- 36#,\N,\N,\N,\N,25380644,(CTT-高新),20220601.0,2.0
962589,杭州市西湖区留下镇小和山社区小和山新苑新苑五区17# --- 20#(CTT-高新),2,杭州市,19,西湖区,267,留下镇,7,25378264,(CTT-高新),2308970,小和山社区,5445672,小和山新苑,5445674,新苑五区,5445986,17# --- 20#,\N,\N,\N,\N,25378264,(CTT-高新),20220601.0,2.0
998282,杭州市西湖区古荡街道益乐社区一区24# --- 26#,2,杭州市,19,西湖区,264,古荡街道,4,2550695,一区24# --- 26#,88243,益乐社区,\N,\N,\N,\N,2550695,一区24# --- 26#,\N,\N,\N,\N,\N,\N,20220601.0,2.0
998424,杭州市西湖区古荡街道益乐社区二区33# --- 35#,2,杭州市,19,西湖区,264,古荡街道,4,2550638,二区33# --- 35#,88243,益乐社区,\N,\N,\N,\N,2550638,二区33# --- 35#,\N,\N,\N,\N,\N,\N,20220601.0,2.0
1007413,杭州市西湖区古荡街道益乐社区二区44# --- 48#,2,杭州市,19,西湖区,264,古荡街道,4,2550605,二区44# --- 48#,88243,益乐社区,\N,\N,\N,\N,2550605,二区44# --- 48#,\N,\N,\N,\N,\N,\N,20220601.0,2.0
1007977,杭州市西湖区古荡街道益乐社区一区55# --- 60#,2,杭州市,19,西湖区,264,古荡街道,4,2550709,一区55# --- 60#,88243,益乐社区,\N,\N,\N,\N,2550709,一区55# --- 60#,\N,\N,\N,\N,\N,\N,20220601.0,2.0
1009531,杭州市西湖区古荡街道益乐社区二区15# --- 18#,2,杭州市,19,西湖区,264,古荡街道,4,2550615,二区15# --- 18#,88243,益乐社区,\N,\N,\N,\N,2550615,二区15# --- 18#,\N,\N,\N,\N,\N,\N,20220601.0,2.0
1011166,杭州市西湖区古荡街道益乐社区一区7# --- 12#,2,杭州市,19,西湖区,264,古荡街道,4,2550710,一区7# --- 12#,88243,益乐社区,\N,\N,\N,\N,2550710,一区7# --- 12#,\N,\N,\N,\N,\N,\N,20220601.0,2.0
1012137,杭州市西湖区留下镇小和山社区小和山新苑4区83# --- 98#,2,杭州市,19,西湖区,267,留下镇,4,61265161,83# --- 98#,2308970,小和山社区,5445672,小和山新苑,61265119,4区,61265161,83# --- 98#,\N,\N,\N,\N,\N,\N,20220601.0,2.0
1014929,杭州市西湖区古荡街道益乐社区二区49# --- 51#,2,杭州市,19,西湖区,264,古荡街道,4,2550606,二区49# --- 51#,88243,益乐社区,\N,\N,\N,\N,2550606,二区49# --- 51#,\N,\N,\N,\N,\N,\N,20220601.0,2.0
1018381,杭州市西湖区古荡街道益乐社区一区17# --- 19#,2,杭州市,19,西湖区,264,古荡街道,4,2550669,一区17# --- 19#,88243,益乐社区,\N,\N,\N,\N,2550669,一区17# --- 19#,\N,\N,\N,\N,\N,\N,20220601.0,2.0
1019552,杭州市西湖区古荡街道益乐社区二区22# --- 25#,2,杭州市,19,西湖区,264,古荡街道,4,2550628,二区22# --- 25#,88243,益乐社区,\N,\N,\N,\N,2550628,二区22# --- 25#,\N,\N,\N,\N,\N,\N,20220601.0,2.0
1019954,杭州市西湖区古荡街道益乐社区二区8# --- 11#,2,杭州市,19,西湖区,264,古荡街道,4,2550665,二区8# --- 11#,88243,益乐社区,\N,\N,\N,\N,2550665,二区8# --- 11#,\N,\N,\N,\N,\N,\N,20220601.0,2.0
1130967,杭州市西湖区留下镇小和山社区新苑四区31# --- 44#,2,杭州市,19,西湖区,267,留下镇,4,2314848,31# --- 44#,2308970,小和山社区,\N,\N,2311688,新苑四区,2314848,31# --- 44#,\N,\N,\N,\N,\N,\N,20220601.0,2.0
1130968,杭州市西湖区留下镇小和山社区新苑四区1# --- 8#,2,杭州市,19,西湖区,267,留下镇,4,2311834,1# --- 8#,2308970,小和山社区,\N,\N,2311688,新苑四区,2311834,1# --- 8#,\N,\N,\N,\N,\N,\N,20220601.0,2.0
1130969,杭州市西湖区留下镇小和山社区新苑四区71# --- 82#,2,杭州市,19,西湖区,267,留下镇,4,2311841,71# --- 82#,2308970,小和山社区,\N,\N,2311688,新苑四区,2311841,71# --- 82#,\N,\N,\N,\N,\N,\N,20220601.0,2.0
1130971,杭州市西湖区留下镇小和山社区新苑四区57# --- 70#,2,杭州市,19,西湖区,267,留下镇,4,2311693,57# --- 70#,2308970,小和山社区,\N,\N,2311688,新苑四区,2311693,57# --- 70#,\N,\N,\N,\N,\N,\N,20220601.0,2.0
1130972,杭州市西湖区留下镇小和山社区新苑四区9# --- 20#,2,杭州市,19,西湖区,267,留下镇,4,2311837,9# --- 20#,2308970,小和山社区,\N,\N,2311688,新苑四区,2311837,9# --- 20#,\N,\N,\N,\N,\N,\N,20220601.0,2.0
1130973,杭州市西湖区留下镇小和山社区新苑四区45# --- 56#,2,杭州市,19,西湖区,267,留下镇,4,2311689,45# --- 56#,2308970,小和山社区,\N,\N,2311688,新苑四区,2311689,45# --- 56#,\N,\N,\N,\N,\N,\N,20220601.0,2.0
1130974,杭州市西湖区留下镇小和山社区新苑四区83# --- 98#,2,杭州市,19,西湖区,267,留下镇,4,2311844,83# --- 98#,2308970,小和山社区,\N,\N,2311688,新苑四区,2311844,83# --- 98#,\N,\N,\N,\N,\N,\N,20220601.0,2.0
1134684,杭州市西湖区留下镇小和山社区小和山新苑新苑一区1# --- 10#,2,杭州市,19,西湖区,267,留下镇,4,5446226,1# --- 10#,2308970,小和山社区,5445672,小和山新苑,5445775,新苑一区,5446226,1# --- 10#,\N,\N,\N,\N,\N,\N,20220601.0,2.0
1134685,杭州市西湖区留下镇小和山社区小和山新苑新苑一区23# --- 32#商铺,2,杭州市,19,西湖区,267,留下镇,4,21442610,23# --- 32#商铺,2308970,小和山社区,5445672,小和山新苑,5445775,新苑一区,21442610,23# --- 32#商铺,\N,\N,\N,\N,\N,\N,20220601.0,2.0
1134686,杭州市西湖区留下镇小和山社区小和山新苑新苑一区33# --- 44#,2,杭州市,19,西湖区,267,留下镇,4,5445787,33# --- 44#,2308970,小和山社区,5445672,小和山新苑,5445775,新苑一区,5445787,33# --- 44#,\N,\N,\N,\N,\N,\N,20220601.0,2.0
1134687,杭州市西湖区留下镇小和山社区小和山新苑新苑一区23# --- 32#,2,杭州市,19,西湖区,267,留下镇,4,5445944,23# --- 32#,2308970,小和山社区,5445672,小和山新苑,5445775,新苑一区,5445944,23# --- 32#,\N,\N,\N,\N,\N,\N,20220601.0,2.0
1134688,杭州市西湖区留下镇小和山社区小和山新苑新苑一区11# --- 22#商铺,2,杭州市,19,西湖区,267,留下镇,4,21442599,11# --- 22#商铺,2308970,小和山社区,5445672,小和山新苑,5445775,新苑一区,21442599,11# --- 22#商铺,\N,\N,\N,\N,\N,\N,20220601.0,2.0
1134689,杭州市西湖区留下镇小和山社区小和山新苑新苑一区1# --- 10#商铺,2,杭州市,19,西湖区,267,留下镇,4,21442591,1# --- 10#商铺,2308970,小和山社区,5445672,小和山新苑,5445775,新苑一区,21442591,1# --- 10#商铺,\N,\N,\N,\N,\N,\N,20220601.0,2.0
1134690,杭州市西湖区留下镇小和山社区小和山新苑新苑一区33# --- 44#商铺,2,杭州市,19,西湖区,267,留下镇,4,21442593,33# --- 44#商铺,2308970,小和山社区,5445672,小和山新苑,5445775,新苑一区,21442593,33# --- 44#商铺,\N,\N,\N,\N,\N,\N,20220601.0,2.0
1134691,杭州市西湖区留下镇小和山社区小和山新苑新苑一区11# --- 22#,2,杭州市,19,西湖区,267,留下镇,4,5445778,11# --- 22#,2308970,小和山社区,5445672,小和山新苑,5445775,新苑一区,5445778,11# --- 22#,\N,\N,\N,\N,\N,\N,20220601.0,2.0
1137341,杭州市西湖区留下镇小和山社区小和山新苑六区9# --- 18#,2,杭州市,19,西湖区,267,留下镇,4,61258465,9# --- 18#,2308970,小和山社区,5445672,小和山新苑,61258464,六区,61258465,9# --- 18#,\N,\N,\N,\N,\N,\N,20220601.0,2.0
1161152,杭州市西湖区古荡街道益乐社区益乐南村小区一区34# --- 37#商铺（正）,2,杭州市,19,西湖区,264,古荡街道,7,44424924,（正）,88243,益乐社区,5387692,益乐南村小区,\N,\N,21452841,一区34# --- 37#商铺,\N,\N,\N,\N,44424924,（正）,20220601.0,2.0
1161187,杭州市西湖区留下镇小和山社区小和山新苑新苑四区31# --- 44#商铺（CTT-高新）,2,杭州市,19,西湖区,267,留下镇,7,25423652,（CTT-高新）,2308970,小和山社区,5445672,小和山新苑,5445902,新苑四区,21442622,31# --- 44#商铺,\N,\N,\N,\N,25423652,（CTT-高新）,20220601.0,2.0
1161188,杭州市西湖区留下镇小和山社区小和山新苑新苑二区7# --- 14#商铺（CTT-高新）,2,杭州市,19,西湖区,267,留下镇,7,25423648,（CTT-高新）,2308970,小和山社区,5445672,小和山新苑,5445705,新苑二区,21442611,7# --- 14#商铺,\N,\N,\N,\N,25423648,（CTT-高新）,20220601.0,2.0
1161189,杭州市西湖区留下镇小和山社区小和山新苑新苑三区1# --- 6#商铺（CTT-高新）,2,杭州市,19,西湖区,267,留下镇,7,25423637,（CTT-高新）,2308970,小和山社区,5445672,小和山新苑,5445859,新苑三区,21442600,1# --- 6#商铺,\N,\N,\N,\N,25423637,（CTT-高新）,20220601.0,2.0
1161190,杭州市西湖区留下镇小和山社区小和山新苑新苑五区29# --- 32#商铺（CTT-高新）,2,杭州市,19,西湖区,267,留下镇,7,25423574,（CTT-高新）,2308970,小和山社区,5445672,小和山新苑,5445674,新苑五区,21442589,29# --- 32#商铺,\N,\N,\N,\N,25423574,（CTT-高新）,20220601.0,2.0
1165137,杭州市西湖区留下镇小和山社区小和山新苑新苑三区39# --- 46#(CTT-高新),2,杭州市,19,西湖区,267,留下镇,7,25380585,(CTT-高新),2308970,小和山社区,5445672,小和山新苑,5445859,新苑三区,5445872,39# --- 46#,\N,\N,\N,\N,25380585,(CTT-高新),20220601.0,2.0
1165138,杭州市西湖区留下镇小和山社区小和山新苑新苑四区71# --- 82#(CTT-高新),2,杭州市,19,西湖区,267,留下镇,7,25378325,(CTT-高新),2308970,小和山社区,5445672,小和山新苑,5445902,新苑四区,5446147,71# --- 82#,\N,\N,\N,\N,25378325,(CTT-高新),20220601.0,2.0
1194005,杭州市西湖区留下镇小和山社区小和山新苑新苑六区19# --- 28#(CTT-高新),2,杭州市,19,西湖区,267,留下镇,7,25378379,(CTT-高新),2308970,小和山社区,5445672,小和山新苑,5445736,新苑六区,5446058,19# --- 28#,\N,\N,\N,\N,25378379,(CTT-高新),20220601.0,2.0
1194006,杭州市西湖区留下镇小和山社区小和山新苑新苑五区41# --- 44#(CTT-高新),2,杭州市,19,西湖区,267,留下镇,7,25378331,(CTT-高新),2308970,小和山社区,5445672,小和山新苑,5445674,新苑五区,5445992,41# --- 44#,\N,\N,\N,\N,25378331,(CTT-高新),20220601.0,2.0
1194007,杭州市西湖区留下镇小和山社区小和山新苑新苑五区25# --- 28#(CTT-高新),2,杭州市,19,西湖区,267,留下镇,7,25380637,(CTT-高新),2308970,小和山社区,5445672,小和山新苑,5445674,新苑五区,5445909,25# --- 28#,\N,\N,\N,\N,25380637,(CTT-高新),20220601.0,2.0
1194008,杭州市西湖区留下镇小和山社区小和山新苑新苑五区11# --- 16#(CTT-高新),2,杭州市,19,西湖区,267,留下镇,7,25378258,(CTT-高新),2308970,小和山社区,5445672,小和山新苑,5445674,新苑五区,5445750,11# --- 16#,\N,\N,\N,\N,25378258,(CTT-高新),20220601.0,2.0
1194009,杭州市西湖区留下镇小和山社区小和山新苑新苑五区1# --- 10#(CTT-高新),2,杭州市,19,西湖区,267,留下镇,7,25380591,(CTT-高新),2308970,小和山社区,5445672,小和山新苑,5445674,新苑五区,5445695,1# --- 10#,\N,\N,\N,\N,25380591,(CTT-高新),20220601.0,2.0
1204937,杭州市西湖区古荡街道益乐社区益乐南村小区一区31# --- 33#商铺（正）,2,杭州市,19,西湖区,264,古荡街道,7,44424922,（正）,88243,益乐社区,5387692,益乐南村小区,\N,\N,21452840,一区31# --- 33#商铺,\N,\N,\N,\N,44424922,（正）,20220601.0,2.0
1204993,杭州市西湖区留下镇小和山社区小和山新苑新苑三区39# --- 46#商铺（CTT-高新）,2,杭州市,19,西湖区,267,留下镇,7,25423635,（CTT-高新）,2308970,小和山社区,5445672,小和山新苑,5445859,新苑三区,21442621,39# --- 46#商铺,\N,\N,\N,\N,25423635,（CTT-高新）,20220601.0,2.0
1204994,杭州市西湖区留下镇小和山社区小和山新苑新苑一区23# --- 32#商铺（CTT-高新）,2,杭州市,19,西湖区,267,留下镇,7,25423647,（CTT-高新）,2308970,小和山社区,5445672,小和山新苑,5445775,新苑一区,21442610,23# --- 32#商铺,\N,\N,\N,\N,25423647,（CTT-高新）,20220601.0,2.0
1204995,杭州市西湖区留下镇小和山社区小和山新苑新苑一区11# --- 22#商铺（CTT-高新）,2,杭州市,19,西湖区,267,留下镇,7,25423636,（CTT-高新）,2308970,小和山社区,5445672,小和山新苑,5445775,新苑一区,21442599,11# --- 22#商铺,\N,\N,\N,\N,25423636,（CTT-高新）,20220601.0,2.0
1204996,杭州市西湖区留下镇小和山社区小和山新苑新苑五区21# --- 24#商铺（CTT-高新）,2,杭州市,19,西湖区,267,留下镇,7,25423572,（CTT-高新）,2308970,小和山社区,5445672,小和山新苑,5445674,新苑五区,21442588,21# --- 24#商铺,\N,\N,\N,\N,25423572,（CTT-高新）,20220601.0,2.0
1229048,杭州市西湖区留下镇小和山社区小和山新苑新苑五区45# --- 48#,2,杭州市,19,西湖区,267,留下镇,4,5446021,45# --- 48#,2308970,小和山社区,5445672,小和山新苑,5445674,新苑五区,5446021,45# --- 48#,\N,\N,\N,\N,\N,\N,20220601.0,2.0
1229049,杭州市西湖区留下镇小和山社区小和山新苑新苑五区25# --- 28#商铺,2,杭州市,19,西湖区,267,留下镇,4,21442608,25# --- 28#商铺,2308970,小和山社区,5445672,小和山新苑,5445674,新苑五区,21442608,25# --- 28#商铺,\N,\N,\N,\N,\N,\N,20220601.0,2.0
1229050,杭州市西湖区留下镇小和山社区小和山新苑新苑五区17# --- 20#,2,杭州市,19,西湖区,267,留下镇,4,5445986,17# --- 20#,2308970,小和山社区,5445672,小和山新苑,5445674,新苑五区,5445986,17# --- 20#,\N,\N,\N,\N,\N,\N,20220601.0,2.0
1229051,杭州市西湖区留下镇小和山社区小和山新苑新苑五区21# --- 24#商铺,2,杭州市,19,西湖区,267,留下镇,4,21442588,21# --- 24#商铺,2308970,小和山社区,5445672,小和山新苑,5445674,新苑五区,21442588,21# --- 24#商铺,\N,\N,\N,\N,\N,\N,20220601.0,2.0
1229052,杭州市西湖区留下镇小和山社区小和山新苑新苑五区37# --- 40#商铺,2,杭州市,19,西湖区,267,留下镇,4,21442609,37# --- 40#商铺,2308970,小和山社区,5445672,小和山新苑,5445674,新苑五区,21442609,37# --- 40#商铺,\N,\N,\N,\N,\N,\N,20220601.0,2.0
1229053,杭州市西湖区留下镇小和山社区小和山新苑新苑五区29# --- 32#商铺,2,杭州市,19,西湖区,267,留下镇,4,21442589,29# --- 32#商铺,2308970,小和山社区,5445672,小和山新苑,5445674,新苑五区,21442589,29# --- 32#商铺,\N,\N,\N,\N,\N,\N,20220601.0,2.0
1229054,杭州市西湖区留下镇小和山社区小和山新苑新苑五区45# --- 48#商铺,2,杭州市,19,西湖区,267,留下镇,4,21442618,45# --- 48#商铺,2308970,小和山社区,5445672,小和山新苑,5445674,新苑五区,21442618,45# --- 48#商铺,\N,\N,\N,\N,\N,\N,20220601.0,2.0
1229055,杭州市西湖区留下镇小和山社区小和山新苑新苑五区21# --- 24#,2,杭州市,19,西湖区,267,留下镇,4,5446186,21# --- 24#,2308970,小和山社区,5445672,小和山新苑,5445674,新苑五区,5446186,21# --- 24#,\N,\N,\N,\N,\N,\N,20220601.0,2.0
1229056,杭州市西湖区留下镇小和山社区小和山新苑新苑五区33# --- 36#,2,杭州市,19,西湖区,267,留下镇,4,5446219,33# --- 36#,2308970,小和山社区,5445672,小和山新苑,5445674,新苑五区,5446219,33# --- 36#,\N,\N,\N,\N,\N,\N,20220601.0,2.0
1229057,杭州市西湖区留下镇小和山社区小和山新苑新苑五区41# --- 44#,2,杭州市,19,西湖区,267,留下镇,4,5445992,41# --- 44#,2308970,小和山社区,5445672,小和山新苑,5445674,新苑五区,5445992,41# --- 44#,\N,\N,\N,\N,\N,\N,20220601.0,2.0
1229058,杭州市西湖区留下镇小和山社区小和山新苑新苑五区33# --- 36#商铺,2,杭州市,19,西湖区,267,留下镇,4,21442590,33# --- 36#商铺,2308970,小和山社区,5445672,小和山新苑,5445674,新苑五区,21442590,33# --- 36#商铺,\N,\N,\N,\N,\N,\N,20220601.0,2.0
1229059,杭州市西湖区留下镇小和山社区小和山新苑新苑五区25# --- 28#,2,杭州市,19,西湖区,267,留下镇,4,5445909,25# --- 28#,2308970,小和山社区,5445672,小和山新苑,5445674,新苑五区,5445909,25# --- 28#,\N,\N,\N,\N,\N,\N,20220601.0,2.0
1229060,杭州市西湖区留下镇小和山社区小和山新苑新苑五区17# --- 20#商铺,2,杭州市,19,西湖区,267,留下镇,4,21442598,17# --- 20#商铺,2308970,小和山社区,5445672,小和山新苑,5445674,新苑五区,21442598,17# --- 20#商铺,\N,\N,\N,\N,\N,\N,20220601.0,2.0
1229061,杭州市西湖区留下镇小和山社区小和山新苑新苑五区11# --- 16#商铺,2,杭州市,19,西湖区,267,留下镇,4,21442597,11# --- 16#商铺,2308970,小和山社区,5445672,小和山新苑,5445674,新苑五区,21442597,11# --- 16#商铺,\N,\N,\N,\N,\N,\N,20220601.0,2.0
1229062,杭州市西湖区留下镇小和山社区小和山新苑新苑五区29# --- 32#,2,杭州市,19,西湖区,267,留下镇,4,5446191,29# --- 32#,2308970,小和山社区,5445672,小和山新苑,5445674,新苑五区,5446191,29# --- 32#,\N,\N,\N,\N,\N,\N,20220601.0,2.0
1229063,杭州市西湖区留下镇小和山社区小和山新苑新苑五区11# --- 16#,2,杭州市,19,西湖区,267,留下镇,4,5445750,11# --- 16#,2308970,小和山社区,5445672,小和山新苑,5445674,新苑五区,5445750,11# --- 16#,\N,\N,\N,\N,\N,\N,20220601.0,2.0
1229064,杭州市西湖区留下镇小和山社区小和山新苑新苑五区1# --- 10#商铺,2,杭州市,19,西湖区,267,留下镇,4,21442623,1# --- 10#商铺,2308970,小和山社区,5445672,小和山新苑,5445674,新苑五区,21442623,1# --- 10#商铺,\N,\N,\N,\N,\N,\N,20220601.0,2.0
1229065,杭州市西湖区留下镇小和山社区小和山新苑新苑五区41# --- 44#商铺,2,杭州市,19,西湖区,267,留下镇,4,21442592,41# --- 44#商铺,2308970,小和山社区,5445672,小和山新苑,5445674,新苑五区,21442592,41# --- 44#商铺,\N,\N,\N,\N,\N,\N,20220601.0,2.0
1229066,杭州市西湖区留下镇小和山社区小和山新苑新苑五区1# --- 10#,2,杭州市,19,西湖区,267,留下镇,4,5445695,1# --- 10#,2308970,小和山社区,5445672,小和山新苑,5445674,新苑五区,5445695,1# --- 10#,\N,\N,\N,\N,\N,\N,20220601.0,2.0
1229067,杭州市西湖区留下镇小和山社区小和山新苑新苑五区37# --- 40#,2,杭州市,19,西湖区,267,留下镇,4,5445914,37# --- 40#,2308970,小和山社区,5445672,小和山新苑,5445674,新苑五区,5445914,37# --- 40#,\N,\N,\N,\N,\N,\N,20220601.0,2.0
1236324,杭州市西湖区古荡街道益乐社区二区36# --- 39#,2,杭州市,19,西湖区,264,古荡街道,4,2550603,二区36# --- 39#,88243,益乐社区,\N,\N,\N,\N,2550603,二区36# --- 39#,\N,\N,\N,\N,\N,\N,20220601.0,2.0
1236450,杭州市西湖区古荡街道益乐社区二区1# --- 4#,2,杭州市,19,西湖区,264,古荡街道,4,2550592,二区1# --- 4#,88243,益乐社区,\N,\N,\N,\N,2550592,二区1# --- 4#,\N,\N,\N,\N,\N,\N,20220601.0,2.0
1236689,杭州市西湖区古荡街道益乐社区一区41# --- 44#,2,杭州市,19,西湖区,264,古荡街道,4,2550705,一区41# --- 44#,88243,益乐社区,\N,\N,\N,\N,2550705,一区41# --- 44#,\N,\N,\N,\N,\N,\N,20220601.0,2.0
1237746,杭州市西湖区古荡街道益乐社区一区38# --- 40#,2,杭州市,19,西湖区,264,古荡街道,4,2550704,一区38# --- 40#,88243,益乐社区,\N,\N,\N,\N,2550704,一区38# --- 40#,\N,\N,\N,\N,\N,\N,20220601.0,2.0
1238100,杭州市西湖区古荡街道益乐社区一区45# --- 47#,2,杭州市,19,西湖区,264,古荡街道,4,2550706,一区45# --- 47#,88243,益乐社区,\N,\N,\N,\N,2550706,一区45# --- 47#,\N,\N,\N,\N,\N,\N,20220601.0,2.0
1242438,杭州市西湖区古荡街道益乐社区二区26# --- 28#,2,杭州市,19,西湖区,264,古荡街道,4,2550632,二区26# --- 28#,88243,益乐社区,\N,\N,\N,\N,2550632,二区26# --- 28#,\N,\N,\N,\N,\N,\N,20220601.0,2.0
1243173,杭州市西湖区古荡街道益乐社区一区1# --- 6#,2,杭州市,19,西湖区,264,古荡街道,4,2550667,一区1# --- 6#,88243,益乐社区,\N,\N,\N,\N,2550667,一区1# --- 6#,\N,\N,\N,\N,\N,\N,20220601.0,2.0
1244340,杭州市西湖区古荡街道益乐社区一区48# --- 51#,2,杭州市,19,西湖区,264,古荡街道,4,2550707,一区48# --- 51#,88243,益乐社区,\N,\N,\N,\N,2550707,一区48# --- 51#,\N,\N,\N,\N,\N,\N,20220601.0,2.0
1249086,杭州市西湖区留下镇小和山社区小和山新苑新苑四区83# --- 98#,2,杭州市,19,西湖区,267,留下镇,4,5446176,83# --- 98#,2308970,小和山社区,5445672,小和山新苑,5445902,新苑四区,5446176,83# --- 98#,\N,\N,\N,\N,\N,\N,20220601.0,2.0
1249087,杭州市西湖区留下镇小和山社区小和山新苑新苑四区31# --- 44#商铺,2,杭州市,19,西湖区,267,留下镇,4,21442622,31# --- 44#商铺,2308970,小和山社区,5445672,小和山新苑,5445902,新苑四区,21442622,31# --- 44#商铺,\N,\N,\N,\N,\N,\N,20220601.0,2.0
1249088,杭州市西湖区留下镇小和山社区小和山新苑新苑四区45# --- 56#商铺,2,杭州市,19,西湖区,267,留下镇,4,21442595,45# --- 56#商铺,2308970,小和山社区,5445672,小和山新苑,5445902,新苑四区,21442595,45# --- 56#商铺,\N,\N,\N,\N,\N,\N,20220601.0,2.0
1249089,杭州市西湖区留下镇小和山社区小和山新苑新苑四区1# --- 8#,2,杭州市,19,西湖区,267,留下镇,4,5446111,1# --- 8#,2308970,小和山社区,5445672,小和山新苑,5445902,新苑四区,5446111,1# --- 8#,\N,\N,\N,\N,\N,\N,20220601.0,2.0
1249090,杭州市西湖区留下镇小和山社区小和山新苑新苑四区9# --- 20#商铺,2,杭州市,19,西湖区,267,留下镇,4,21442604,9# --- 20#商铺,2308970,小和山社区,5445672,小和山新苑,5445902,新苑四区,21442604,9# --- 20#商铺,\N,\N,\N,\N,\N,\N,20220601.0,2.0
1249091,杭州市西湖区留下镇小和山社区小和山新苑新苑四区57# --- 70#商铺,2,杭州市,19,西湖区,267,留下镇,4,21442596,57# --- 70#商铺,2308970,小和山社区,5445672,小和山新苑,5445902,新苑四区,21442596,57# --- 70#商铺,\N,\N,\N,\N,\N,\N,20220601.0,2.0
1249092,杭州市西湖区留下镇小和山社区小和山新苑新苑四区71# --- 82#,2,杭州市,19,西湖区,267,留下镇,4,5446147,71# --- 82#,2308970,小和山社区,5445672,小和山新苑,5445902,新苑四区,5446147,71# --- 82#,\N,\N,\N,\N,\N,\N,20220601.0,2.0
1249093,杭州市西湖区留下镇小和山社区小和山新苑新苑四区83# --- 98#商铺,2,杭州市,19,西湖区,267,留下镇,4,21442606,83# --- 98#商铺,2308970,小和山社区,5445672,小和山新苑,5445902,新苑四区,21442606,83# --- 98#商铺,\N,\N,\N,\N,\N,\N,20220601.0,2.0
1249094,杭州市西湖区留下镇小和山社区小和山新苑新苑四区1# --- 8#商铺,2,杭州市,19,西湖区,267,留下镇,4,21442603,1# --- 8#商铺,2308970,小和山社区,5445672,小和山新苑,5445902,新苑四区,21442603,1# --- 8#商铺,\N,\N,\N,\N,\N,\N,20220601.0,2.0
1249095,杭州市西湖区留下镇小和山社区小和山新苑新苑四区45# --- 56#,2,杭州市,19,西湖区,267,留下镇,4,5446255,45# --- 56#,2308970,小和山社区,5445672,小和山新苑,5445902,新苑四区,5446255,45# --- 56#,\N,\N,\N,\N,\N,\N,20220601.0,2.0
1249096,杭州市西湖区留下镇小和山社区小和山新苑新苑四区9# --- 20#,2,杭州市,19,西湖区,267,留下镇,4,5446140,9# --- 20#,2308970,小和山社区,5445672,小和山新苑,5445902,新苑四区,5446140,9# --- 20#,\N,\N,\N,\N,\N,\N,20220601.0,2.0
1249097,杭州市西湖区留下镇小和山社区小和山新苑新苑四区31# --- 44#,2,杭州市,19,西湖区,267,留下镇,4,5445903,31# --- 44#,2308970,小和山社区,5445672,小和山新苑,5445902,新苑四区,5445903,31# --- 44#,\N,\N,\N,\N,\N,\N,20220601.0,2.0
1249098,杭州市西湖区留下镇小和山社区小和山新苑新苑四区57# --- 70#,2,杭州市,19,西湖区,267,留下镇,4,5446264,57# --- 70#,2308970,小和山社区,5445672,小和山新苑,5445902,新苑四区,5446264,57# --- 70#,\N,\N,\N,\N,\N,\N,20220601.0,2.0
1249099,杭州市西湖区留下镇小和山社区小和山新苑新苑四区71# --- 82#商铺,2,杭州市,19,西湖区,267,留下镇,4,21442605,71# --- 82#商铺,2308970,小和山社区,5445672,小和山新苑,5445902,新苑四区,21442605,71# --- 82#商铺,\N,\N,\N,\N,\N,\N,20220601.0,2.0
1249549,杭州市西湖区留下镇小和山社区新苑一区1# --- 10#,2,杭州市,19,西湖区,267,留下镇,4,2311852,1# --- 10#,2308970,小和山社区,\N,\N,2311851,新苑一区,2311852,1# --- 10#,\N,\N,\N,\N,\N,\N,20220601.0,2.0
1249550,杭州市西湖区留下镇小和山社区新苑一区33# --- 44#,2,杭州市,19,西湖区,267,留下镇,4,2311866,33# --- 44#,2308970,小和山社区,\N,\N,2311851,新苑一区,2311866,33# --- 44#,\N,\N,\N,\N,\N,\N,20220601.0,2.0
1249551,杭州市西湖区留下镇小和山社区新苑一区23# --- 32#,2,杭州市,19,西湖区,267,留下镇,4,2314855,23# --- 32#,2308970,小和山社区,\N,\N,2311851,新苑一区,2314855,23# --- 32#,\N,\N,\N,\N,\N,\N,20220601.0,2.0
1249552,杭州市西湖区留下镇小和山社区新苑一区11# --- 22#,2,杭州市,19,西湖区,267,留下镇,4,2311865,11# --- 22#,2308970,小和山社区,\N,\N,2311851,新苑一区,2311865,11# --- 22#,\N,\N,\N,\N,\N,\N,20220601.0,2.0
1253625,杭州市西湖区留下镇小和山社区小和山新苑6区9# --- 18#,2,杭州市,19,西湖区,267,留下镇,4,61265114,9# --- 18#,2308970,小和山社区,5445672,小和山新苑,61265113,6区,61265114,9# --- 18#,\N,\N,\N,\N,\N,\N,20220601.0,2.0
1253626,杭州市西湖区留下镇小和山社区小和山新苑四区83# --- 98#,2,杭州市,19,西湖区,267,留下镇,4,61258469,83# --- 98#,2308970,小和山社区,5445672,小和山新苑,61258468,四区,61258469,83# --- 98#,\N,\N,\N,\N,\N,\N,20220601.0,2.0
1257261,杭州市西湖区留下镇小和山社区新苑三区29# --- 38#,2,杭州市,19,西湖区,267,留下镇,4,2311831,29# --- 38#,2308970,小和山社区,\N,\N,2311823,新苑三区,2311831,29# --- 38#,\N,\N,\N,\N,\N,\N,20220601.0,2.0
1257262,杭州市西湖区留下镇小和山社区新苑三区7# --- 18#,2,杭州市,19,西湖区,267,留下镇,4,2311872,7# --- 18#,2308970,小和山社区,\N,\N,2311823,新苑三区,2311872,7# --- 18#,\N,\N,\N,\N,\N,\N,20220601.0,2.0
1257263,杭州市西湖区留下镇小和山社区新苑三区1# --- 6#,2,杭州市,19,西湖区,267,留下镇,4,2311824,1# --- 6#,2308970,小和山社区,\N,\N,2311823,新苑三区,2311824,1# --- 6#,\N,\N,\N,\N,\N,\N,20220601.0,2.0
1257264,杭州市西湖区留下镇小和山社区新苑三区39# --- 46#,2,杭州市,19,西湖区,267,留下镇,4,2314846,39# --- 46#,2308970,小和山社区,\N,\N,2311823,新苑三区,2314846,39# --- 46#,\N,\N,\N,\N,\N,\N,20220601.0,2.0
1257265,杭州市西湖区留下镇小和山社区新苑三区19# --- 28#,2,杭州市,19,西湖区,267,留下镇,4,2311828,19# --- 28#,2308970,小和山社区,\N,\N,2311823,新苑三区,2311828,19# --- 28#,\N,\N,\N,\N,\N,\N,20220601.0,2.0
1280988,杭州市西湖区留下镇小和山社区小和山新苑五区41# --- 44#,2,杭州市,19,西湖区,267,留下镇,4,61258467,41# --- 44#,2308970,小和山社区,5445672,小和山新苑,61258466,五区,61258467,41# --- 44#,\N,\N,\N,\N,\N,\N,20220601.0,2.0
1288945,杭州市西湖区古荡街道益乐社区益乐南村小区二区5# --- 7#,2,杭州市,19,西湖区,264,古荡街道,4,5387699,二区5# --- 7#,88243,益乐社区,5387692,益乐南村小区,\N,\N,5387699,二区5# --- 7#,\N,\N,\N,\N,\N,\N,20220601.0,2.0
1288947,杭州市西湖区古荡街道益乐社区益乐南村小区一区31# --- 33#商铺,2,杭州市,19,西湖区,264,古荡街道,4,21452840,一区31# --- 33#商铺,88243,益乐社区,5387692,益乐南村小区,\N,\N,21452840,一区31# --- 33#商铺,\N,\N,\N,\N,\N,\N,20220601.0,2.0
1288948,杭州市西湖区古荡街道益乐社区益乐南村小区一区24# --- 26#,2,杭州市,19,西湖区,264,古荡街道,4,5387734,一区24# --- 26#,88243,益乐社区,5387692,益乐南村小区,\N,\N,5387734,一区24# --- 26#,\N,\N,\N,\N,\N,\N,20220601.0,2.0
1288949,杭州市西湖区古荡街道益乐社区益乐南村小区一区27# --- 30#商铺,2,杭州市,19,西湖区,264,古荡街道,4,21452838,一区27# --- 30#商铺,88243,益乐社区,5387692,益乐南村小区,\N,\N,21452838,一区27# --- 30#商铺,\N,\N,\N,\N,\N,\N,20220601.0,2.0
1288950,杭州市西湖区古荡街道益乐社区益乐南村小区二区52# --- 56#,2,杭州市,19,西湖区,264,古荡街道,4,5387701,二区52# --- 56#,88243,益乐社区,5387692,益乐南村小区,\N,\N,5387701,二区52# --- 56#,\N,\N,\N,\N,\N,\N,20220601.0,2.0
1288951,杭州市西湖区古荡街道益乐社区益乐南村小区二区36# --- 39#,2,杭州市,19,西湖区,264,古荡街道,4,5387697,二区36# --- 39#,88243,益乐社区,5387692,益乐南村小区,\N,\N,5387697,二区36# --- 39#,\N,\N,\N,\N,\N,\N,20220601.0,2.0
1288952,杭州市西湖区古荡街道益乐社区益乐南村小区一区17# --- 19#,2,杭州市,19,西湖区,264,古荡街道,4,5387713,一区17# --- 19#,88243,益乐社区,5387692,益乐南村小区,\N,\N,5387713,一区17# --- 19#,\N,\N,\N,\N,\N,\N,20220601.0,2.0
1288953,杭州市西湖区古荡街道益乐社区益乐南村小区二区26# --- 28#,2,杭州市,19,西湖区,264,古荡街道,4,5387717,二区26# --- 28#,88243,益乐社区,5387692,益乐南村小区,\N,\N,5387717,二区26# --- 28#,\N,\N,\N,\N,\N,\N,20220601.0,2.0
1288955,杭州市西湖区古荡街道益乐社区益乐南村小区一区31# --- 33#,2,杭州市,19,西湖区,264,古荡街道,4,5387738,一区31# --- 33#,88243,益乐社区,5387692,益乐南村小区,\N,\N,5387738,一区31# --- 33#,\N,\N,\N,\N,\N,\N,20220601.0,2.0
1288956,杭州市西湖区古荡街道益乐社区益乐南村小区一区13# --- 16#商铺,2,杭州市,19,西湖区,264,古荡街道,4,21452814,一区13# --- 16#商铺,88243,益乐社区,5387692,益乐南村小区,\N,\N,21452814,一区13# --- 16#商铺,\N,\N,\N,\N,\N,\N,20220601.0,2.0
1288958,杭州市西湖区古荡街道益乐社区益乐南村小区二区8# --- 11#商铺,2,杭州市,19,西湖区,264,古荡街道,4,21452810,二区8# --- 11#商铺,88243,益乐社区,5387692,益乐南村小区,\N,\N,21452810,二区8# --- 11#商铺,\N,\N,\N,\N,\N,\N,20220601.0,2.0
1288961,杭州市西湖区古荡街道益乐社区益乐南村小区二区44# --- 48#,2,杭州市,19,西湖区,264,古荡街道,4,5387693,二区44# --- 48#,88243,益乐社区,5387692,益乐南村小区,\N,\N,5387693,二区44# --- 48#,\N,\N,\N,\N,\N,\N,20220601.0,2.0
1288962,杭州市西湖区古荡街道益乐社区益乐南村小区一区38# --- 40#,2,杭州市,19,西湖区,264,古荡街道,4,5387742,一区38# --- 40#,88243,益乐社区,5387692,益乐南村小区,\N,\N,5387742,一区38# --- 40#,\N,\N,\N,\N,\N,\N,20220601.0,2.0
1288963,杭州市西湖区古荡街道益乐社区益乐南村小区二区8# --- 11#,2,杭州市,19,西湖区,264,古荡街道,4,5387707,二区8# --- 11#,88243,益乐社区,5387692,益乐南村小区,\N,\N,5387707,二区8# --- 11#,\N,\N,\N,\N,\N,\N,20220601.0,2.0
1288964,杭州市西湖区古荡街道益乐社区益乐南村小区一区48# --- 51#,2,杭州市,19,西湖区,264,古荡街道,4,5387747,一区48# --- 51#,88243,益乐社区,5387692,益乐南村小区,\N,\N,5387747,一区48# --- 51#,\N,\N,\N,\N,\N,\N,20220601.0,2.0
1288965,杭州市西湖区古荡街道益乐社区益乐南村小区一区55# --- 60#,2,杭州市,19,西湖区,264,古荡街道,4,5387731,一区55# --- 60#,88243,益乐社区,5387692,益乐南村小区,\N,\N,5387731,一区55# --- 60#,\N,\N,\N,\N,\N,\N,20220601.0,2.0
1288967,杭州市西湖区古荡街道益乐社区益乐南村小区二区44# --- 48#商铺,2,杭州市,19,西湖区,264,古荡街道,4,21452802,二区44# --- 48#商铺,88243,益乐社区,5387692,益乐南村小区,\N,\N,21452802,二区44# --- 48#商铺,\N,\N,\N,\N,\N,\N,20220601.0,2.0
1288970,杭州市西湖区古荡街道益乐社区益乐南村小区二区57# --- 60#商铺,2,杭州市,19,西湖区,264,古荡街道,4,21452808,二区57# --- 60#商铺,88243,益乐社区,5387692,益乐南村小区,\N,\N,21452808,二区57# --- 60#商铺,\N,\N,\N,\N,\N,\N,20220601.0,2.0
1288971,杭州市西湖区古荡街道益乐社区益乐南村小区二区36# --- 39#商铺,2,杭州市,19,西湖区,264,古荡街道,4,21452800,二区36# --- 39#商铺,88243,益乐社区,5387692,益乐南村小区,\N,\N,21452800,二区36# --- 39#商铺,\N,\N,\N,\N,\N,\N,20220601.0,2.0
1288972,杭州市西湖区古荡街道益乐社区益乐南村小区一区34# --- 37#,2,杭州市,19,西湖区,264,古荡街道,4,5387740,一区34# --- 37#,88243,益乐社区,5387692,益乐南村小区,\N,\N,5387740,一区34# --- 37#,\N,\N,\N,\N,\N,\N,20220601.0,2.0
1288973,杭州市西湖区古荡街道益乐社区益乐南村小区二区15# --- 18#,2,杭州市,19,西湖区,264,古荡街道,4,5387727,二区15# --- 18#,88243,益乐社区,5387692,益乐南村小区,\N,\N,5387727,二区15# --- 18#,\N,\N,\N,\N,\N,\N,20220601.0,2.0
1288976,杭州市西湖区古荡街道益乐社区益乐南村小区一区7# --- 12#商铺,2,杭州市,19,西湖区,264,古荡街道,4,21452855,一区7# --- 12#商铺,88243,益乐社区,5387692,益乐南村小区,\N,\N,21452855,一区7# --- 12#商铺,\N,\N,\N,\N,\N,\N,20220601.0,2.0
1288977,杭州市西湖区古荡街道益乐社区益乐南村小区一区1# --- 6#,2,杭州市,19,西湖区,264,古荡街道,4,5387709,一区1# --- 6#,88243,益乐社区,5387692,益乐南村小区,\N,\N,5387709,一区1# --- 6#,\N,\N,\N,\N,\N,\N,20220601.0,2.0
1288978,杭州市西湖区古荡街道益乐社区益乐南村小区一区17# --- 19#商铺,2,杭州市,19,西湖区,264,古荡街道,4,21452835,一区17# --- 19#商铺,88243,益乐社区,5387692,益乐南村小区,\N,\N,21452835,一区17# --- 19#商铺,\N,\N,\N,\N,\N,\N,20220601.0,2.0
1288980,杭州市西湖区古荡街道益乐社区益乐南村小区一区13# --- 16#,2,杭州市,19,西湖区,264,古荡街道,4,5387711,一区13# --- 16#,88243,益乐社区,5387692,益乐南村小区,\N,\N,5387711,一区13# --- 16#,\N,\N,\N,\N,\N,\N,20220601.0,2.0
1288981,杭州市西湖区古荡街道益乐社区益乐南村小区一区20# --- 23#,2,杭州市,19,西湖区,264,古荡街道,4,5387715,一区20# --- 23#,88243,益乐社区,5387692,益乐南村小区,\N,\N,5387715,一区20# --- 23#,\N,\N,\N,\N,\N,\N,20220601.0,2.0
1288982,杭州市西湖区古荡街道益乐社区益乐南村小区一区55# --- 60#商铺,2,杭州市,19,西湖区,264,古荡街道,4,21452853,一区55# --- 60#商铺,88243,益乐社区,5387692,益乐南村小区,\N,\N,21452853,一区55# --- 60#商铺,\N,\N,\N,\N,\N,\N,20220601.0,2.0
1288983,杭州市西湖区古荡街道益乐社区益乐南村小区一区38# --- 40#商铺,2,杭州市,19,西湖区,264,古荡街道,4,21452843,一区38# --- 40#商铺,88243,益乐社区,5387692,益乐南村小区,\N,\N,21452843,一区38# --- 40#商铺,\N,\N,\N,\N,\N,\N,20220601.0,2.0
1288984,杭州市西湖区古荡街道益乐社区益乐南村小区二区22# --- 25#商铺,2,杭州市,19,西湖区,264,古荡街道,4,21452789,二区22# --- 25#商铺,88243,益乐社区,5387692,益乐南村小区,\N,\N,21452789,二区22# --- 25#商铺,\N,\N,\N,\N,\N,\N,20220601.0,2.0
1288986,杭州市西湖区古荡街道益乐社区益乐南村小区二区33# --- 35#,2,杭州市,19,西湖区,264,古荡街道,4,5387720,二区33# --- 35#,88243,益乐社区,5387692,益乐南村小区,\N,\N,5387720,二区33# --- 35#,\N,\N,\N,\N,\N,\N,20220601.0,2.0
1288987,杭州市西湖区古荡街道益乐社区益乐南村小区一区34# --- 37#商铺,2,杭州市,19,西湖区,264,古荡街道,4,21452841,一区34# --- 37#商铺,88243,益乐社区,5387692,益乐南村小区,\N,\N,21452841,一区34# --- 37#商铺,\N,\N,\N,\N,\N,\N,20220601.0,2.0
1288989,杭州市西湖区古荡街道益乐社区益乐南村小区二区12# --- 14#,2,杭州市,19,西湖区,264,古荡街道,4,5387725,二区12# --- 14#,88243,益乐社区,5387692,益乐南村小区,\N,\N,5387725,二区12# --- 14#,\N,\N,\N,\N,\N,\N,20220601.0,2.0
1288990,杭州市西湖区古荡街道益乐社区益乐南村小区二区1# --- 4#商铺,2,杭州市,19,西湖区,264,古荡街道,4,21452669,二区1# --- 4#商铺,88243,益乐社区,5387692,益乐南村小区,\N,\N,21452669,二区1# --- 4#商铺,\N,\N,\N,\N,\N,\N,20220601.0,2.0
1288991,杭州市西湖区古荡街道益乐社区益乐南村小区二区19# --- 21#,2,杭州市,19,西湖区,264,古荡街道,4,5387729,二区19# --- 21#,88243,益乐社区,5387692,益乐南村小区,\N,\N,5387729,二区19# --- 21#,\N,\N,\N,\N,\N,\N,20220601.0,2.0
1288992,杭州市西湖区古荡街道益乐社区益乐南村小区二区49# --- 51#商铺,2,杭州市,19,西湖区,264,古荡街道,4,21452804,二区49# --- 51#商铺,88243,益乐社区,5387692,益乐南村小区,\N,\N,21452804,二区49# --- 51#商铺,\N,\N,\N,\N,\N,\N,20220601.0,2.0
1288993,杭州市西湖区古荡街道益乐社区益乐南村小区一区24# --- 26#商铺,2,杭州市,19,西湖区,264,古荡街道,4,21452837,一区24# --- 26#商铺,88243,益乐社区,5387692,益乐南村小区,\N,\N,21452837,一区24# --- 26#商铺,\N,\N,\N,\N,\N,\N,20220601.0,2.0
1288994,杭州市西湖区古荡街道益乐社区益乐南村小区二区29# --- 32#,2,杭州市,19,西湖区,264,古荡街道,4,5387719,二区29# --- 32#,88243,益乐社区,5387692,益乐南村小区,\N,\N,5387719,二区29# --- 32#,\N,\N,\N,\N,\N,\N,20220601.0,2.0
1288995,杭州市西湖区古荡街道益乐社区益乐南村小区二区12# --- 14#商铺,2,杭州市,19,西湖区,264,古荡街道,4,21452670,二区12# --- 14#商铺,88243,益乐社区,5387692,益乐南村小区,\N,\N,21452670,二区12# --- 14#商铺,\N,\N,\N,\N,\N,\N,20220601.0,2.0
1288997,杭州市西湖区古荡街道益乐社区益乐南村小区一区45# --- 47#,2,杭州市,19,西湖区,264,古荡街道,4,5387745,一区45# --- 47#,88243,益乐社区,5387692,益乐南村小区,\N,\N,5387745,一区45# --- 47#,\N,\N,\N,\N,\N,\N,20220601.0,2.0
1288999,杭州市西湖区古荡街道益乐社区益乐南村小区二区22# --- 25#,2,杭州市,19,西湖区,264,古荡街道,4,5387721,二区22# --- 25#,88243,益乐社区,5387692,益乐南村小区,\N,\N,5387721,二区22# --- 25#,\N,\N,\N,\N,\N,\N,20220601.0,2.0
1289000,杭州市西湖区古荡街道益乐社区益乐南村小区一区41# --- 44#,2,杭州市,19,西湖区,264,古荡街道,4,5387743,一区41# --- 44#,88243,益乐社区,5387692,益乐南村小区,\N,\N,5387743,一区41# --- 44#,\N,\N,\N,\N,\N,\N,20220601.0,2.0
1289001,杭州市西湖区古荡街道益乐社区益乐南村小区二区1# --- 4#,2,杭州市,19,西湖区,264,古荡街道,4,5387723,二区1# --- 4#,88243,益乐社区,5387692,益乐南村小区,\N,\N,5387723,二区1# --- 4#,\N,\N,\N,\N,\N,\N,20220601.0,2.0
1289003,杭州市西湖区古荡街道益乐社区益乐南村小区二区19# --- 21#商铺,2,杭州市,19,西湖区,264,古荡街道,4,21452787,二区19# --- 21#商铺,88243,益乐社区,5387692,益乐南村小区,\N,\N,21452787,二区19# --- 21#商铺,\N,\N,\N,\N,\N,\N,20220601.0,2.0
1289005,杭州市西湖区古荡街道益乐社区益乐南村小区二区57# --- 60#,2,杭州市,19,西湖区,264,古荡街道,4,5387703,二区57# --- 60#,88243,益乐社区,5387692,益乐南村小区,\N,\N,5387703,二区57# --- 60#,\N,\N,\N,\N,\N,\N,20220601.0,2.0
1289007,杭州市西湖区古荡街道益乐社区益乐南村小区二区15# --- 18#商铺,2,杭州市,19,西湖区,264,古荡街道,4,21452785,二区15# --- 18#商铺,88243,益乐社区,5387692,益乐南村小区,\N,\N,21452785,二区15# --- 18#商铺,\N,\N,\N,\N,\N,\N,20220601.0,2.0
1289008,杭州市西湖区古荡街道益乐社区益乐南村小区一区1# --- 6#商铺,2,杭州市,19,西湖区,264,古荡街道,4,21452813,一区1# --- 6#商铺,88243,益乐社区,5387692,益乐南村小区,\N,\N,21452813,一区1# --- 6#商铺,\N,\N,\N,\N,\N,\N,20220601.0,2.0
1289009,杭州市西湖区古荡街道益乐社区益乐南村小区一区52# --- 54#,2,杭州市,19,西湖区,264,古荡街道,4,5387749,一区52# --- 54#,88243,益乐社区,5387692,益乐南村小区,\N,\N,5387749,一区52# --- 54#,\N,\N,\N,\N,\N,\N,20220601.0,2.0
1289010,杭州市西湖区古荡街道益乐社区益乐南村小区一区52# --- 54#商铺,2,杭州市,19,西湖区,264,古荡街道,4,21452850,一区52# --- 54#商铺,88243,益乐社区,5387692,益乐南村小区,\N,\N,21452850,一区52# --- 54#商铺,\N,\N,\N,\N,\N,\N,20220601.0,2.0
1289013,杭州市西湖区古荡街道益乐社区益乐南村小区二区49# --- 51#,2,杭州市,19,西湖区,264,古荡街道,4,5387695,二区49# --- 51#,88243,益乐社区,5387692,益乐南村小区,\N,\N,5387695,二区49# --- 51#,\N,\N,\N,\N,\N,\N,20220601.0,2.0
1289014,杭州市西湖区古荡街道益乐社区益乐南村小区二区26# --- 28#商铺,2,杭州市,19,西湖区,264,古荡街道,4,21452791,二区26# --- 28#商铺,88243,益乐社区,5387692,益乐南村小区,\N,\N,21452791,二区26# --- 28#商铺,\N,\N,\N,\N,\N,\N,20220601.0,2.0
1289016,杭州市西湖区古荡街道益乐社区益乐南村小区二区40# --- 43#商铺,2,杭州市,19,西湖区,264,古荡街道,4,21452798,二区40# --- 43#商铺,88243,益乐社区,5387692,益乐南村小区,\N,\N,21452798,二区40# --- 43#商铺,\N,\N,\N,\N,\N,\N,20220601.0,2.0
1289017,杭州市西湖区古荡街道益乐社区益乐南村小区二区29# --- 32#商铺,2,杭州市,19,西湖区,264,古荡街道,4,21452793,二区29# --- 32#商铺,88243,益乐社区,5387692,益乐南村小区,\N,\N,21452793,二区29# --- 32#商铺,\N,\N,\N,\N,\N,\N,20220601.0,2.0
1289018,杭州市西湖区古荡街道益乐社区益乐南村小区一区48# --- 51#商铺,2,杭州市,19,西湖区,264,古荡街道,4,21452848,一区48# --- 51#商铺,88243,益乐社区,5387692,益乐南村小区,\N,\N,21452848,一区48# --- 51#商铺,\N,\N,\N,\N,\N,\N,20220601.0,2.0
1289021,杭州市西湖区古荡街道益乐社区益乐南村小区二区5# --- 7#商铺,2,杭州市,19,西湖区,264,古荡街道,4,21452805,二区5# --- 7#商铺,88243,益乐社区,5387692,益乐南村小区,\N,\N,21452805,二区5# --- 7#商铺,\N,\N,\N,\N,\N,\N,20220601.0,2.0
1289022,杭州市西湖区古荡街道益乐社区益乐南村小区二区33# --- 35#商铺,2,杭州市,19,西湖区,264,古荡街道,4,21452796,二区33# --- 35#商铺,88243,益乐社区,5387692,益乐南村小区,\N,\N,21452796,二区33# --- 35#商铺,\N,\N,\N,\N,\N,\N,20220601.0,2.0
1289024,杭州市西湖区古荡街道益乐社区益乐南村小区一区27# --- 30#,2,杭州市,19,西湖区,264,古荡街道,4,5387736,一区27# --- 30#,88243,益乐社区,5387692,益乐南村小区,\N,\N,5387736,一区27# --- 30#,\N,\N,\N,\N,\N,\N,20220601.0,2.0
1289025,杭州市西湖区古荡街道益乐社区益乐南村小区一区7# --- 12#,2,杭州市,19,西湖区,264,古荡街道,4,5387732,一区7# --- 12#,88243,益乐社区,5387692,益乐南村小区,\N,\N,5387732,一区7# --- 12#,\N,\N,\N,\N,\N,\N,20220601.0,2.0
1289026,杭州市西湖区古荡街道益乐社区益乐南村小区一区45# --- 47#商铺,2,杭州市,19,西湖区,264,古荡街道,4,21452846,一区45# --- 47#商铺,88243,益乐社区,5387692,益乐南村小区,\N,\N,21452846,一区45# --- 47#商铺,\N,\N,\N,\N,\N,\N,20220601.0,2.0
1289028,杭州市西湖区古荡街道益乐社区益乐南村小区一区20# --- 23#商铺,2,杭州市,19,西湖区,264,古荡街道,4,21452836,一区20# --- 23#商铺,88243,益乐社区,5387692,益乐南村小区,\N,\N,21452836,一区20# --- 23#商铺,\N,\N,\N,\N,\N,\N,20220601.0,2.0
1289029,杭州市西湖区古荡街道益乐社区益乐南村小区一区41# --- 44#商铺,2,杭州市,19,西湖区,264,古荡街道,4,21452845,一区41# --- 44#商铺,88243,益乐社区,5387692,益乐南村小区,\N,\N,21452845,一区41# --- 44#商铺,\N,\N,\N,\N,\N,\N,20220601.0,2.0
1289030,杭州市西湖区古荡街道益乐社区益乐南村小区二区40# --- 43#,2,杭州市,19,西湖区,264,古荡街道,4,5387706,二区40# --- 43#,88243,益乐社区,5387692,益乐南村小区,\N,\N,5387706,二区40# --- 43#,\N,\N,\N,\N,\N,\N,20220601.0,2.0
1289033,杭州市西湖区古荡街道益乐社区益乐南村小区二区52# --- 56#商铺,2,杭州市,19,西湖区,264,古荡街道,4,21452807,二区52# --- 56#商铺,88243,益乐社区,5387692,益乐南村小区,\N,\N,21452807,二区52# --- 56#商铺,\N,\N,\N,\N,\N,\N,20220601.0,2.0
1368648,杭州市西湖区留下镇小和山社区小和山新苑新苑一区33# --- 44#商铺（CTT-高新）,2,杭州市,19,西湖区,267,留下镇,7,25423602,（CTT-高新）,2308970,小和山社区,5445672,小和山新苑,5445775,新苑一区,21442593,33# --- 44#商铺,\N,\N,\N,\N,25423602,（CTT-高新）,20220601.0,2.0
1368649,杭州市西湖区留下镇小和山社区小和山新苑新苑五区37# --- 40#商铺（CTT-高新）,2,杭州市,19,西湖区,267,留下镇,7,25423646,（CTT-高新）,2308970,小和山社区,5445672,小和山新苑,5445674,新苑五区,21442609,37# --- 40#商铺,\N,\N,\N,\N,25423646,（CTT-高新）,20220601.0,2.0
1374891,杭州市西湖区古荡街道益乐社区益乐南村小区一区17# --- 19#（正）,2,杭州市,19,西湖区,264,古荡街道,7,44422660,（正）,88243,益乐社区,5387692,益乐南村小区,\N,\N,5387713,一区17# --- 19#,\N,\N,\N,\N,44422660,（正）,20220601.0,2.0
1375461,杭州市西湖区留下镇小和山社区小和山新苑新苑四区31# --- 44#(CTT-高新),2,杭州市,19,西湖区,267,留下镇,7,25380589,(CTT-高新),2308970,小和山社区,5445672,小和山新苑,5445902,新苑四区,5445903,31# --- 44#,\N,\N,\N,\N,25380589,(CTT-高新),20220601.0,2.0
1375462,杭州市西湖区留下镇小和山社区小和山新苑新苑五区37# --- 40#(CTT-高新),2,杭州市,19,西湖区,267,留下镇,7,25380639,(CTT-高新),2308970,小和山社区,5445672,小和山新苑,5445674,新苑五区,5445914,37# --- 40#,\N,\N,\N,\N,25380639,(CTT-高新),20220601.0,2.0
1375463,杭州市西湖区留下镇小和山社区小和山新苑新苑四区9# --- 20#(CTT-高新),2,杭州市,19,西湖区,267,留下镇,7,25378324,(CTT-高新),2308970,小和山社区,5445672,小和山新苑,5445902,新苑四区,5446140,9# --- 20#,\N,\N,\N,\N,25378324,(CTT-高新),20220601.0,2.0
1379898,杭州市西湖区古荡街道益乐社区益乐南村小区一区20# --- 23#商铺（正）,2,杭州市,19,西湖区,264,古荡街道,7,44424915,（正）,88243,益乐社区,5387692,益乐南村小区,\N,\N,21452836,一区20# --- 23#商铺,\N,\N,\N,\N,44424915,（正）,20220601.0,2.0
1379931,杭州市西湖区留下镇小和山社区小和山新苑新苑三区7# --- 18#商铺（CTT-高新）,2,杭州市,19,西湖区,267,留下镇,7,25423609,（CTT-高新）,2308970,小和山社区,5445672,小和山新苑,5445859,新苑三区,21442617,7# --- 18#商铺,\N,\N,\N,\N,25423609,（CTT-高新）,20220601.0,2.0
1379932,杭州市西湖区留下镇小和山社区小和山新苑新苑四区83# --- 98#商铺（CTT-高新）,2,杭州市,19,西湖区,267,留下镇,7,25423643,（CTT-高新）,2308970,小和山社区,5445672,小和山新苑,5445902,新苑四区,21442606,83# --- 98#商铺,\N,\N,\N,\N,25423643,（CTT-高新）,20220601.0,2.0
1379933,杭州市西湖区留下镇小和山社区小和山新苑新苑五区33# --- 36#商铺（CTT-高新）,2,杭州市,19,西湖区,267,留下镇,7,25423596,（CTT-高新）,2308970,小和山社区,5445672,小和山新苑,5445674,新苑五区,21442590,33# --- 36#商铺,\N,\N,\N,\N,25423596,（CTT-高新）,20220601.0,2.0
1390523,杭州市西湖区留下镇小和山社区小和山新苑新苑四区57# --- 70#商铺（CTT-高新）,2,杭州市,19,西湖区,267,留下镇,7,25423566,（CTT-高新）,2308970,小和山社区,5445672,小和山新苑,5445902,新苑四区,21442596,57# --- 70#商铺,\N,\N,\N,\N,25423566,（CTT-高新）,20220601.0,2.0
1397177,杭州市西湖区古荡街道益乐社区益乐南村小区一区31# --- 33#（正）,2,杭州市,19,西湖区,264,古荡街道,7,44422673,（正）,88243,益乐社区,5387692,益乐南村小区,\N,\N,5387738,一区31# --- 33#,\N,\N,\N,\N,44422673,（正）,20220601.0,2.0
1397178,杭州市西湖区古荡街道益乐社区益乐南村小区一区52# --- 54#（正）,2,杭州市,19,西湖区,264,古荡街道,7,44422686,（正）,88243,益乐社区,5387692,益乐南村小区,\N,\N,5387749,一区52# --- 54#,\N,\N,\N,\N,44422686,（正）,20220601.0,2.0
1397467,杭州市西湖区留下镇小和山社区小和山新苑新苑四区83# --- 98#(CTT-高新),2,杭州市,19,西湖区,267,留下镇,7,25378326,(CTT-高新),2308970,小和山社区,5445672,小和山新苑,5445902,新苑四区,5446176,83# --- 98#,\N,\N,\N,\N,25378326,(CTT-高新),20220601.0,2.0
1397468,杭州市西湖区留下镇小和山社区小和山新苑新苑四区57# --- 70#(CTT-高新),2,杭州市,19,西湖区,267,留下镇,7,25378190,(CTT-高新),2308970,小和山社区,5445672,小和山新苑,5445902,新苑四区,5446264,57# --- 70#,\N,\N,\N,\N,25378190,(CTT-高新),20220601.0,2.0
1474573,杭州市西湖区古荡街道益乐社区益乐南村小区一区7# --- 12#（正）,2,杭州市,19,西湖区,264,古荡街道,7,44422667,（正）,88243,益乐社区,5387692,益乐南村小区,\N,\N,5387732,一区7# --- 12#,\N,\N,\N,\N,44422667,（正）,20220601.0,2.0
1474574,杭州市西湖区古荡街道益乐社区益乐南村小区一区41# --- 44#（正）,2,杭州市,19,西湖区,264,古荡街道,7,44422680,（正）,88243,益乐社区,5387692,益乐南村小区,\N,\N,5387743,一区41# --- 44#,\N,\N,\N,\N,44422680,（正）,20220601.0,2.0
1475134,杭州市西湖区留下镇小和山社区小和山新苑新苑一区23# --- 32#(CTT-高新),2,杭州市,19,西湖区,267,留下镇,7,25380640,(CTT-高新),2308970,小和山社区,5445672,小和山新苑,5445775,新苑一区,5445944,23# --- 32#,\N,\N,\N,\N,25380640,(CTT-高新),20220601.0,2.0
1475135,杭州市西湖区留下镇小和山社区小和山新苑新苑五区33# --- 36#(CTT-高新),2,杭州市,19,西湖区,267,留下镇,7,25378329,(CTT-高新),2308970,小和山社区,5445672,小和山新苑,5445674,新苑五区,5446219,33# --- 36#,\N,\N,\N,\N,25378329,(CTT-高新),20220601.0,2.0
1482478,杭州市西湖区古荡街道益乐社区益乐南村小区一区38# --- 40#商铺（正）,2,杭州市,19,西湖区,264,古荡街道,7,44424946,（正）,88243,益乐社区,5387692,益乐南村小区,\N,\N,21452843,一区38# --- 40#商铺,\N,\N,\N,\N,44424946,（正）,20220601.0,2.0
1482507,杭州市西湖区留下镇小和山社区小和山新苑新苑六区1# --- 8#商铺（CTT-高新）,2,杭州市,19,西湖区,267,留下镇,7,25423650,（CTT-高新）,2308970,小和山社区,5445672,小和山新苑,5445736,新苑六区,21442613,1# --- 8#商铺,\N,\N,\N,\N,25423650,（CTT-高新）,20220601.0,2.0
1482508,杭州市西湖区留下镇小和山社区小和山新苑新苑三区29# --- 38#商铺（CTT-高新）,2,杭州市,19,西湖区,267,留下镇,7,25423639,（CTT-高新）,2308970,小和山社区,5445672,小和山新苑,5445859,新苑三区,21442602,29# --- 38#商铺,\N,\N,\N,\N,25423639,（CTT-高新）,20220601.0,2.0
1484223,杭州市西湖区留下镇小和山社区小和山新苑新苑一区1# --- 10#(CTT-高新),2,杭州市,19,西湖区,267,留下镇,7,25378330,(CTT-高新),2308970,小和山社区,5445672,小和山新苑,5445775,新苑一区,5446226,1# --- 10#,\N,\N,\N,\N,25378330,(CTT-高新),20220601.0,2.0
1540003,杭州市西湖区留下镇小和山社区小和山新苑新苑五区11# --- 16#商铺（CTT-高新）,2,杭州市,19,西湖区,267,留下镇,7,25423567,（CTT-高新）,2308970,小和山社区,5445672,小和山新苑,5445674,新苑五区,21442597,11# --- 16#商铺,\N,\N,\N,\N,25423567,（CTT-高新）,20220601.0,2.0
1544976,杭州市西湖区留下镇小和山社区小和山新苑新苑二区1# --- 6#(CTT-高新),2,杭州市,19,西湖区,267,留下镇,7,25378333,(CTT-高新),2308970,小和山社区,5445672,小和山新苑,5445705,新苑二区,5445792,1# --- 6#,\N,\N,\N,\N,25378333,(CTT-高新),20220601.0,2.0
1544977,杭州市西湖区留下镇小和山社区小和山新苑新苑四区1# --- 8#(CTT-高新),2,杭州市,19,西湖区,267,留下镇,7,25378323,(CTT-高新),2308970,小和山社区,5445672,小和山新苑,5445902,新苑四区,5446111,1# --- 8#,\N,\N,\N,\N,25378323,(CTT-高新),20220601.0,2.0
1643386,杭州市西湖区留下镇小和山社区小和山新苑新苑一区1# --- 10#商铺（CTT-高新）,2,杭州市,19,西湖区,267,留下镇,7,25423598,（CTT-高新）,2308970,小和山社区,5445672,小和山新苑,5445775,新苑一区,21442591,1# --- 10#商铺,\N,\N,\N,\N,25423598,（CTT-高新）,20220601.0,2.0
1643387,杭州市西湖区留下镇小和山社区小和山新苑新苑六区37# --- 44#商铺（CTT-高新）,2,杭州市,19,西湖区,267,留下镇,7,25423644,（CTT-高新）,2308970,小和山社区,5445672,小和山新苑,5445736,新苑六区,21442607,37# --- 44#商铺,\N,\N,\N,\N,25423644,（CTT-高新）,20220601.0,2.0
1643388,杭州市西湖区留下镇小和山社区小和山新苑新苑五区45# --- 48#商铺（CTT-高新）,2,杭州市,19,西湖区,267,留下镇,7,25423612,（CTT-高新）,2308970,小和山社区,5445672,小和山新苑,5445674,新苑五区,21442618,45# --- 48#商铺,\N,\N,\N,\N,25423612,（CTT-高新）,20220601.0,2.0
1643458,杭州市西湖区古荡街道益乐社区益乐南村小区一区24# --- 26#商铺（正）,2,杭州市,19,西湖区,264,古荡街道,7,44424917,（正）,88243,益乐社区,5387692,益乐南村小区,\N,\N,21452837,一区24# --- 26#商铺,\N,\N,\N,\N,44424917,（正）,20220601.0,2.0
1643459,杭州市西湖区古荡街道益乐社区益乐南村小区一区48# --- 51#商铺（正）,2,杭州市,19,西湖区,264,古荡街道,7,44424952,（正）,88243,益乐社区,5387692,益乐南村小区,\N,\N,21452848,一区48# --- 51#商铺,\N,\N,\N,\N,44424952,（正）,20220601.0,2.0
1654980,杭州市西湖区留下镇小和山社区小和山新苑新苑五区41# --- 44#商铺（CTT-高新）,2,杭州市,19,西湖区,267,留下镇,7,25423600,（CTT-高新）,2308970,小和山社区,5445672,小和山新苑,5445674,新苑五区,21442592,41# --- 44#商铺,\N,\N,\N,\N,25423600,（CTT-高新）,20220601.0,2.0
1654981,杭州市西湖区留下镇小和山社区小和山新苑新苑五区25# --- 28#商铺（CTT-高新）,2,杭州市,19,西湖区,267,留下镇,7,25423645,（CTT-高新）,2308970,小和山社区,5445672,小和山新苑,5445674,新苑五区,21442608,25# --- 28#商铺,\N,\N,\N,\N,25423645,（CTT-高新）,20220601.0,2.0
1654982,杭州市西湖区留下镇小和山社区小和山新苑新苑六区9# --- 18#商铺（CTT-高新）,2,杭州市,19,西湖区,267,留下镇,7,25423614,（CTT-高新）,2308970,小和山社区,5445672,小和山新苑,5445736,新苑六区,21442619,9# --- 18#商铺,\N,\N,\N,\N,25423614,（CTT-高新）,20220601.0,2.0
1655021,杭州市西湖区古荡街道益乐社区益乐南村小区一区27# --- 30#商铺（正）,2,杭州市,19,西湖区,264,古荡街道,7,44424919,（正）,88243,益乐社区,5387692,益乐南村小区,\N,\N,21452838,一区27# --- 30#商铺,\N,\N,\N,\N,44424919,（正）,20220601.0,2.0
1659355,杭州市西湖区古荡街道益乐社区益乐南村小区一区24# --- 26#（正）,2,杭州市,19,西湖区,264,古荡街道,7,44422669,（正）,88243,益乐社区,5387692,益乐南村小区,\N,\N,5387734,一区24# --- 26#,\N,\N,\N,\N,44422669,（正）,20220601.0,2.0
1659356,杭州市西湖区古荡街道益乐社区益乐南村小区一区45# --- 47#（正）,2,杭州市,19,西湖区,264,古荡街道,7,44422682,（正）,88243,益乐社区,5387692,益乐南村小区,\N,\N,5387745,一区45# --- 47#,\N,\N,\N,\N,44422682,（正）,20220601.0,2.0
1771393,杭州市西湖区留下镇小和山社区小和山新苑新苑四区45# --- 56#商铺（CTT-高新）,2,杭州市,19,西湖区,267,留下镇,7,25423590,（CTT-高新）,2308970,小和山社区,5445672,小和山新苑,5445902,新苑四区,21442595,45# --- 56#商铺,\N,\N,\N,\N,25423590,（CTT-高新）,20220601.0,2.0
1774122,杭州市西湖区留下镇小和山社区小和山新苑新苑四区9# --- 20#商铺（CTT-高新）,2,杭州市,19,西湖区,267,留下镇,7,25423641,（CTT-高新）,2308970,小和山社区,5445672,小和山新苑,5445902,新苑四区,21442604,9# --- 20#商铺,\N,\N,\N,\N,25423641,（CTT-高新）,20220601.0,2.0
1774123,杭州市西湖区留下镇小和山社区小和山新苑新苑二区15# --- 24#商铺（CTT-高新）,2,杭州市,19,西湖区,267,留下镇,7,25423606,（CTT-高新）,2308970,小和山社区,5445672,小和山新苑,5445705,新苑二区,21442615,15# --- 24#商铺,\N,\N,\N,\N,25423606,（CTT-高新）,20220601.0,2.0
1774159,杭州市西湖区古荡街道益乐社区益乐南村小区一区41# --- 44#商铺（正）,2,杭州市,19,西湖区,264,古荡街道,7,44424948,（正）,88243,益乐社区,5387692,益乐南村小区,\N,\N,21452845,一区41# --- 44#商铺,\N,\N,\N,\N,44424948,（正）,20220601.0,2.0
1919767,杭州市西湖区留下镇小和山社区小和山新苑新苑五区17# --- 20#商铺（CTT-高新）,2,杭州市,19,西湖区,267,留下镇,7,25423569,（CTT-高新）,2308970,小和山社区,5445672,小和山新苑,5445674,新苑五区,21442598,17# --- 20#商铺,\N,\N,\N,\N,25423569,（CTT-高新）,20220601.0,2.0
1919768,杭州市西湖区留下镇小和山社区小和山新苑新苑六区19# --- 28#商铺（CTT-高新）,2,杭州市,19,西湖区,267,留下镇,7,25423594,（CTT-高新）,2308970,小和山社区,5445672,小和山新苑,5445736,新苑六区,21442620,19# --- 28#商铺,\N,\N,\N,\N,25423594,（CTT-高新）,20220601.0,2.0
1919800,杭州市西湖区古荡街道益乐社区益乐南村小区一区52# --- 54#商铺（正）,2,杭州市,19,西湖区,264,古荡街道,7,44424954,（正）,88243,益乐社区,5387692,益乐南村小区,\N,\N,21452850,一区52# --- 54#商铺,\N,\N,\N,\N,44424954,（正）,20220601.0,2.0
1925021,杭州市西湖区留下镇小和山社区小和山新苑新苑三区1# --- 6#(CTT-高新),2,杭州市,19,西湖区,267,留下镇,7,25378306,(CTT-高新),2308970,小和山社区,5445672,小和山新苑,5445859,新苑三区,5446068,1# --- 6#,\N,\N,\N,\N,25378306,(CTT-高新),20220601.0,2.0
1925022,杭州市西湖区留下镇小和山社区小和山新苑新苑四区45# --- 56#(CTT-高新),2,杭州市,19,西湖区,267,留下镇,7,25378186,(CTT-高新),2308970,小和山社区,5445672,小和山新苑,5445902,新苑四区,5446255,45# --- 56#,\N,\N,\N,\N,25378186,(CTT-高新),20220601.0,2.0
1946152,杭州市西湖区古荡街道益乐社区一区34# --- 37#,2,杭州市,19,西湖区,264,古荡街道,4,2550701,一区34# --- 37#,88243,益乐社区,\N,\N,\N,\N,2550701,一区34# --- 37#,\N,\N,\N,\N,\N,\N,20220601.0,2.0
1952378,杭州市西湖区古荡街道益乐社区二区40# --- 43#,2,杭州市,19,西湖区,264,古荡街道,4,2550650,二区40# --- 43#,88243,益乐社区,\N,\N,\N,\N,2550650,二区40# --- 43#,\N,\N,\N,\N,\N,\N,20220601.0,2.0
2051152,杭州市西湖区古荡街道益乐社区一区31# --- 33#,2,杭州市,19,西湖区,264,古荡街道,4,2550699,一区31# --- 33#,88243,益乐社区,\N,\N,\N,\N,2550699,一区31# --- 33#,\N,\N,\N,\N,\N,\N,20220601.0,2.0
2051889,杭州市西湖区古荡街道益乐社区二区52# --- 56#,2,杭州市,19,西湖区,264,古荡街道,4,2550608,二区52# --- 56#,88243,益乐社区,\N,\N,\N,\N,2550608,二区52# --- 56#,\N,\N,\N,\N,\N,\N,20220601.0,2.0
2053214,杭州市西湖区古荡街道益乐社区一区52# --- 54#,2,杭州市,19,西湖区,264,古荡街道,4,2550708,一区52# --- 54#,88243,益乐社区,\N,\N,\N,\N,2550708,一区52# --- 54#,\N,\N,\N,\N,\N,\N,20220601.0,2.0
2106845,杭州市西湖区留下镇小和山社区小和山新苑新苑三区7# --- 18#,2,杭州市,19,西湖区,267,留下镇,4,5445862,7# --- 18#,2308970,小和山社区,5445672,小和山新苑,5445859,新苑三区,5445862,7# --- 18#,\N,\N,\N,\N,\N,\N,20220601.0,2.0
2106846,杭州市西湖区留下镇小和山社区小和山新苑新苑三区29# --- 38#,2,杭州市,19,西湖区,267,留下镇,4,5446104,29# --- 38#,2308970,小和山社区,5445672,小和山新苑,5445859,新苑三区,5446104,29# --- 38#,\N,\N,\N,\N,\N,\N,20220601.0,2.0
2106849,杭州市西湖区留下镇小和山社区小和山新苑新苑三区7# --- 18#商铺,2,杭州市,19,西湖区,267,留下镇,4,21442617,7# --- 18#商铺,2308970,小和山社区,5445672,小和山新苑,5445859,新苑三区,21442617,7# --- 18#商铺,\N,\N,\N,\N,\N,\N,20220601.0,2.0
2106850,杭州市西湖区留下镇小和山社区小和山新苑新苑三区19# --- 28#,2,杭州市,19,西湖区,267,留下镇,4,5446098,19# --- 28#,2308970,小和山社区,5445672,小和山新苑,5445859,新苑三区,5446098,19# --- 28#,\N,\N,\N,\N,\N,\N,20220601.0,2.0
2106851,杭州市西湖区留下镇小和山社区小和山新苑新苑三区39# --- 46#商铺,2,杭州市,19,西湖区,267,留下镇,4,21442621,39# --- 46#商铺,2308970,小和山社区,5445672,小和山新苑,5445859,新苑三区,21442621,39# --- 46#商铺,\N,\N,\N,\N,\N,\N,20220601.0,2.0
2106852,杭州市西湖区留下镇小和山社区小和山新苑新苑三区1# --- 6#商铺,2,杭州市,19,西湖区,267,留下镇,4,21442600,1# --- 6#商铺,2308970,小和山社区,5445672,小和山新苑,5445859,新苑三区,21442600,1# --- 6#商铺,\N,\N,\N,\N,\N,\N,20220601.0,2.0
2106853,杭州市西湖区留下镇小和山社区小和山新苑新苑三区29# --- 38#商铺,2,杭州市,19,西湖区,267,留下镇,4,21442602,29# --- 38#商铺,2308970,小和山社区,5445672,小和山新苑,5445859,新苑三区,21442602,29# --- 38#商铺,\N,\N,\N,\N,\N,\N,20220601.0,2.0
2106854,杭州市西湖区留下镇小和山社区小和山新苑新苑三区19# --- 28#商铺,2,杭州市,19,西湖区,267,留下镇,4,21442601,19# --- 28#商铺,2308970,小和山社区,5445672,小和山新苑,5445859,新苑三区,21442601,19# --- 28#商铺,\N,\N,\N,\N,\N,\N,20220601.0,2.0
2106855,杭州市西湖区留下镇小和山社区小和山新苑新苑三区39# --- 46#,2,杭州市,19,西湖区,267,留下镇,4,5445872,39# --- 46#,2308970,小和山社区,5445672,小和山新苑,5445859,新苑三区,5445872,39# --- 46#,\N,\N,\N,\N,\N,\N,20220601.0,2.0
2106856,杭州市西湖区留下镇小和山社区小和山新苑新苑三区1# --- 6#,2,杭州市,19,西湖区,267,留下镇,4,5446068,1# --- 6#,2308970,小和山社区,5445672,小和山新苑,5445859,新苑三区,5446068,1# --- 6#,\N,\N,\N,\N,\N,\N,20220601.0,2.0
2111058,杭州市西湖区古荡街道丰潭路益乐南村一区20号 --- 23号,2,杭州市,19,西湖区,264,古荡街道,4,60840696,20号 --- 23号,2205000,丰潭路,20213156,益乐南村,60840719,一区,60840696,20号 --- 23号,\N,\N,\N,\N,\N,\N,20220601.0,2.0
2111063,杭州市西湖区古荡街道丰潭路益乐南村一区27号 --- 30号,2,杭州市,19,西湖区,264,古荡街道,4,60841027,27号 --- 30号,2205000,丰潭路,20213156,益乐南村,60840719,一区,60841027,27号 --- 30号,\N,\N,\N,\N,\N,\N,20220601.0,2.0
2111069,杭州市西湖区古荡街道丰潭路益乐南村一区31号 --- 33号,2,杭州市,19,西湖区,264,古荡街道,4,60840985,31号 --- 33号,2205000,丰潭路,20213156,益乐南村,60840719,一区,60840985,31号 --- 33号,\N,\N,\N,\N,\N,\N,20220601.0,2.0
2111072,杭州市西湖区古荡街道丰潭路益乐南村一区45号 --- 47号,2,杭州市,19,西湖区,264,古荡街道,4,60840992,45号 --- 47号,2205000,丰潭路,20213156,益乐南村,60840719,一区,60840992,45号 --- 47号,\N,\N,\N,\N,\N,\N,20220601.0,2.0
2111079,杭州市西湖区古荡街道丰潭路益乐南村一区48号 --- 51号,2,杭州市,19,西湖区,264,古荡街道,4,60840995,48号 --- 51号,2205000,丰潭路,20213156,益乐南村,60840719,一区,60840995,48号 --- 51号,\N,\N,\N,\N,\N,\N,20220601.0,2.0
2111089,杭州市西湖区古荡街道丰潭路益乐南村一区24号 --- 26号,2,杭州市,19,西湖区,264,古荡街道,4,60841024,24号 --- 26号,2205000,丰潭路,20213156,益乐南村,60840719,一区,60841024,24号 --- 26号,\N,\N,\N,\N,\N,\N,20220601.0,2.0
2111093,杭州市西湖区古荡街道丰潭路益乐南村一区52号 --- 54号,2,杭州市,19,西湖区,264,古荡街道,4,60840997,52号 --- 54号,2205000,丰潭路,20213156,益乐南村,60840719,一区,60840997,52号 --- 54号,\N,\N,\N,\N,\N,\N,20220601.0,2.0
2111096,杭州市西湖区古荡街道丰潭路益乐南村一区55号 --- 60号,2,杭州市,19,西湖区,264,古荡街道,4,60840999,55号 --- 60号,2205000,丰潭路,20213156,益乐南村,60840719,一区,60840999,55号 --- 60号,\N,\N,\N,\N,\N,\N,20220601.0,2.0
2111098,杭州市西湖区古荡街道丰潭路益乐南村一区17# --- 19#,2,杭州市,19,西湖区,264,古荡街道,4,61211079,17# --- 19#,2205000,丰潭路,20213156,益乐南村,60840719,一区,61211079,17# --- 19#,\N,\N,\N,\N,\N,\N,20220601.0,2.0
2111100,杭州市西湖区古荡街道丰潭路益乐南村一区41号 --- 44号,2,杭州市,19,西湖区,264,古荡街道,4,60840990,41号 --- 44号,2205000,丰潭路,20213156,益乐南村,60840719,一区,60840990,41号 --- 44号,\N,\N,\N,\N,\N,\N,20220601.0,2.0
2111102,杭州市西湖区古荡街道丰潭路益乐南村一区20# --- 23#,2,杭州市,19,西湖区,264,古荡街道,4,61211120,20# --- 23#,2205000,丰潭路,20213156,益乐南村,60840719,一区,61211120,20# --- 23#,\N,\N,\N,\N,\N,\N,20220601.0,2.0
2111105,杭州市西湖区古荡街道丰潭路益乐南村一区38号 --- 40号,2,杭州市,19,西湖区,264,古荡街道,4,60840988,38号 --- 40号,2205000,丰潭路,20213156,益乐南村,60840719,一区,60840988,38号 --- 40号,\N,\N,\N,\N,\N,\N,20220601.0,2.0
2111108,杭州市西湖区古荡街道丰潭路益乐南村一区17号 --- 19号,2,杭州市,19,西湖区,264,古荡街道,4,60840720,17号 --- 19号,2205000,丰潭路,20213156,益乐南村,60840719,一区,60840720,17号 --- 19号,\N,\N,\N,\N,\N,\N,20220601.0,2.0
2111111,杭州市西湖区古荡街道丰潭路益乐南村一区7号 --- 12号,2,杭州市,19,西湖区,264,古荡街道,4,60841008,7号 --- 12号,2205000,丰潭路,20213156,益乐南村,60840719,一区,60841008,7号 --- 12号,\N,\N,\N,\N,\N,\N,20220601.0,2.0
2113383,杭州市西湖区留下镇小和山社区新苑五区11# --- 16#,2,杭州市,19,西湖区,267,留下镇,4,2311711,11# --- 16#,2308970,小和山社区,\N,\N,2311710,新苑五区,2311711,11# --- 16#,\N,\N,\N,\N,\N,\N,20220601.0,2.0
2113384,杭州市西湖区留下镇小和山社区新苑五区25# --- 28#,2,杭州市,19,西湖区,267,留下镇,4,2314851,25# --- 28#,2308970,小和山社区,\N,\N,2311710,新苑五区,2314851,25# --- 28#,\N,\N,\N,\N,\N,\N,20220601.0,2.0
2113385,杭州市西湖区留下镇小和山社区新苑五区1# --- 10#,2,杭州市,19,西湖区,267,留下镇,4,2314849,1# --- 10#,2308970,小和山社区,\N,\N,2311710,新苑五区,2314849,1# --- 10#,\N,\N,\N,\N,\N,\N,20220601.0,2.0
2113386,杭州市西湖区留下镇小和山社区新苑五区33# --- 36#,2,杭州市,19,西湖区,267,留下镇,4,2311850,33# --- 36#,2308970,小和山社区,\N,\N,2311710,新苑五区,2311850,33# --- 36#,\N,\N,\N,\N,\N,\N,20220601.0,2.0
2113387,杭州市西湖区留下镇小和山社区新苑五区17# --- 20#,2,杭州市,19,西湖区,267,留下镇,4,2311713,17# --- 20#,2308970,小和山社区,\N,\N,2311710,新苑五区,2311713,17# --- 20#,\N,\N,\N,\N,\N,\N,20220601.0,2.0
2113388,杭州市西湖区留下镇小和山社区新苑五区29# --- 32#,2,杭州市,19,西湖区,267,留下镇,4,2311849,29# --- 32#,2308970,小和山社区,\N,\N,2311710,新苑五区,2311849,29# --- 32#,\N,\N,\N,\N,\N,\N,20220601.0,2.0
2113389,杭州市西湖区留下镇小和山社区新苑五区37# --- 40#,2,杭州市,19,西湖区,267,留下镇,4,2314853,37# --- 40#,2308970,小和山社区,\N,\N,2311710,新苑五区,2314853,37# --- 40#,\N,\N,\N,\N,\N,\N,20220601.0,2.0
2113390,杭州市西湖区留下镇小和山社区新苑五区41# --- 44#,2,杭州市,19,西湖区,267,留下镇,4,2311887,41# --- 44#,2308970,小和山社区,\N,\N,2311710,新苑五区,2311887,41# --- 44#,\N,\N,\N,\N,\N,\N,20220601.0,2.0
2113391,杭州市西湖区留下镇小和山社区新苑五区21# --- 24#,2,杭州市,19,西湖区,267,留下镇,4,2311848,21# --- 24#,2308970,小和山社区,\N,\N,2311710,新苑五区,2311848,21# --- 24#,\N,\N,\N,\N,\N,\N,20220601.0,2.0
2113392,杭州市西湖区留下镇小和山社区新苑五区45# --- 48#,2,杭州市,19,西湖区,267,留下镇,4,2311890,45# --- 48#,2308970,小和山社区,\N,\N,2311710,新苑五区,2311890,45# --- 48#,\N,\N,\N,\N,\N,\N,20220601.0,2.0
2117341,杭州市西湖区留下镇小和山社区小和山新苑新苑二区1# --- 6#商铺,2,杭州市,19,西湖区,267,留下镇,4,21442594,1# --- 6#商铺,2308970,小和山社区,5445672,小和山新苑,5445705,新苑二区,21442594,1# --- 6#商铺,\N,\N,\N,\N,\N,\N,20220601.0,2.0
2117342,杭州市西湖区留下镇小和山社区小和山新苑新苑二区1# --- 6#,2,杭州市,19,西湖区,267,留下镇,4,5445792,1# --- 6#,2308970,小和山社区,5445672,小和山新苑,5445705,新苑二区,5445792,1# --- 6#,\N,\N,\N,\N,\N,\N,20220601.0,2.0
2117343,杭州市西湖区留下镇小和山社区小和山新苑新苑二区15# --- 24#,2,杭州市,19,西湖区,267,留下镇,4,5445822,15# --- 24#,2308970,小和山社区,5445672,小和山新苑,5445705,新苑二区,5445822,15# --- 24#,\N,\N,\N,\N,\N,\N,20220601.0,2.0
2117344,杭州市西湖区留下镇小和山社区小和山新苑新苑二区7# --- 14#商铺,2,杭州市,19,西湖区,267,留下镇,4,21442611,7# --- 14#商铺,2308970,小和山社区,5445672,小和山新苑,5445705,新苑二区,21442611,7# --- 14#商铺,\N,\N,\N,\N,\N,\N,20220601.0,2.0
2117345,杭州市西湖区留下镇小和山社区小和山新苑新苑二区7# --- 14#,2,杭州市,19,西湖区,267,留下镇,4,5445948,7# --- 14#,2308970,小和山社区,5445672,小和山新苑,5445705,新苑二区,5445948,7# --- 14#,\N,\N,\N,\N,\N,\N,20220601.0,2.0
2117346,杭州市西湖区留下镇小和山社区小和山新苑新苑二区25# --- 32#商铺,2,杭州市,19,西湖区,267,留下镇,4,21442616,25# --- 32#商铺,2308970,小和山社区,5445672,小和山新苑,5445705,新苑二区,21442616,25# --- 32#商铺,\N,\N,\N,\N,\N,\N,20220601.0,2.0
2117347,杭州市西湖区留下镇小和山社区小和山新苑新苑二区33# --- 40#商铺,2,杭州市,19,西湖区,267,留下镇,4,21442612,33# --- 40#商铺,2308970,小和山社区,5445672,小和山新苑,5445705,新苑二区,21442612,33# --- 40#商铺,\N,\N,\N,\N,\N,\N,20220601.0,2.0
2117348,杭州市西湖区留下镇小和山社区小和山新苑新苑二区15# --- 24#商铺,2,杭州市,19,西湖区,267,留下镇,4,21442615,15# --- 24#商铺,2308970,小和山社区,5445672,小和山新苑,5445705,新苑二区,21442615,15# --- 24#商铺,\N,\N,\N,\N,\N,\N,20220601.0,2.0
2117349,杭州市西湖区留下镇小和山社区小和山新苑新苑二区25# --- 32#,2,杭州市,19,西湖区,267,留下镇,4,5445832,25# --- 32#,2308970,小和山社区,5445672,小和山新苑,5445705,新苑二区,5445832,25# --- 32#,\N,\N,\N,\N,\N,\N,20220601.0,2.0
2117350,杭州市西湖区留下镇小和山社区小和山新苑新苑二区33# --- 40#,2,杭州市,19,西湖区,267,留下镇,4,5445706,33# --- 40#,2308970,小和山社区,5445672,小和山新苑,5445705,新苑二区,5445706,33# --- 40#,\N,\N,\N,\N,\N,\N,20220601.0,2.0
2122564,杭州市西湖区古荡街道益乐社区二区12# --- 14#,2,杭州市,19,西湖区,264,古荡街道,4,2550593,二区12# --- 14#,88243,益乐社区,\N,\N,\N,\N,2550593,二区12# --- 14#,\N,\N,\N,\N,\N,\N,20220601.0,2.0
2233486,杭州市西湖区古荡街道益乐社区益乐南村小区一区20# --- 23#（正）,2,杭州市,19,西湖区,264,古荡街道,7,44422662,（正）,88243,益乐社区,5387692,益乐南村小区,\N,\N,5387715,一区20# --- 23#,\N,\N,\N,\N,44422662,（正）,20220601.0,2.0
2233820,杭州市西湖区留下镇小和山社区小和山新苑新苑五区45# --- 48#(CTT-高新),2,杭州市,19,西湖区,267,留下镇,7,25378377,(CTT-高新),2308970,小和山社区,5445672,小和山新苑,5445674,新苑五区,5446021,45# --- 48#,\N,\N,\N,\N,25378377,(CTT-高新),20220601.0,2.0
2233821,杭州市西湖区留下镇小和山社区小和山新苑新苑三区19# --- 28#(CTT-高新),2,杭州市,19,西湖区,267,留下镇,7,25378310,(CTT-高新),2308970,小和山社区,5445672,小和山新苑,5445859,新苑三区,5446098,19# --- 28#,\N,\N,\N,\N,25378310,(CTT-高新),20220601.0,2.0
2233822,杭州市西湖区留下镇小和山社区小和山新苑新苑五区21# --- 24#(CTT-高新),2,杭州市,19,西湖区,267,留下镇,7,25378327,(CTT-高新),2308970,小和山社区,5445672,小和山新苑,5445674,新苑五区,5446186,21# --- 24#,\N,\N,\N,\N,25378327,(CTT-高新),20220601.0,2.0
2239154,杭州市西湖区留下镇小和山社区小和山新苑新苑二区1# --- 6#商铺（CTT-高新）,2,杭州市,19,西湖区,267,留下镇,7,25423603,（CTT-高新）,2308970,小和山社区,5445672,小和山新苑,5445705,新苑二区,21442594,1# --- 6#商铺,\N,\N,\N,\N,25423603,（CTT-高新）,20220601.0,2.0
2244070,杭州市西湖区古荡街道益乐社区益乐南村小区一区27# --- 30#（正）,2,杭州市,19,西湖区,264,古荡街道,7,44422671,（正）,88243,益乐社区,5387692,益乐南村小区,\N,\N,5387736,一区27# --- 30#,\N,\N,\N,\N,44422671,（正）,20220601.0,2.0
2244071,杭州市西湖区古荡街道益乐社区益乐南村小区一区48# --- 51#（正）,2,杭州市,19,西湖区,264,古荡街道,7,44422684,（正）,88243,益乐社区,5387692,益乐南村小区,\N,\N,5387747,一区48# --- 51#,\N,\N,\N,\N,44422684,（正）,20220601.0,2.0
2244459,杭州市西湖区留下镇小和山社区小和山新苑新苑二区33# --- 40#(CTT-高新),2,杭州市,19,西湖区,267,留下镇,7,25380642,(CTT-高新),2308970,小和山社区,5445672,小和山新苑,5445705,新苑二区,5445706,33# --- 40#,\N,\N,\N,\N,25380642,(CTT-高新),20220601.0,2.0
2244460,杭州市西湖区留下镇小和山社区小和山新苑新苑六区1# --- 8#(CTT-高新),2,杭州市,19,西湖区,267,留下镇,7,25380643,(CTT-高新),2308970,小和山社区,5445672,小和山新苑,5445736,新苑六区,5445739,1# --- 8#,\N,\N,\N,\N,25380643,(CTT-高新),20220601.0,2.0
2244461,杭州市西湖区留下镇小和山社区小和山新苑新苑二区7# --- 14#(CTT-高新),2,杭州市,19,西湖区,267,留下镇,7,25380641,(CTT-高新),2308970,小和山社区,5445672,小和山新苑,5445705,新苑二区,5445948,7# --- 14#,\N,\N,\N,\N,25380641,(CTT-高新),20220601.0,2.0
2244462,杭州市西湖区留下镇小和山社区小和山新苑新苑六区9# --- 18#(CTT-高新),2,杭州市,19,西湖区,267,留下镇,7,25378378,(CTT-高新),2308970,小和山社区,5445672,小和山新苑,5445736,新苑六区,5446031,9# --- 18#,\N,\N,\N,\N,25378378,(CTT-高新),20220601.0,2.0
2244463,杭州市西湖区留下镇小和山社区小和山新苑新苑六区37# --- 44#(CTT-高新),2,杭州市,19,西湖区,267,留下镇,7,25380595,(CTT-高新),2308970,小和山社区,5445672,小和山新苑,5445736,新苑六区,5446273,37# --- 44#,\N,\N,\N,\N,25380595,(CTT-高新),20220601.0,2.0
2261769,杭州市西湖区留下镇小和山社区小和山新苑新苑四区1# --- 8#商铺（CTT-高新）,2,杭州市,19,西湖区,267,留下镇,7,25423640,（CTT-高新）,2308970,小和山社区,5445672,小和山新苑,5445902,新苑四区,21442603,1# --- 8#商铺,\N,\N,\N,\N,25423640,（CTT-高新）,20220601.0,2.0
2261770,杭州市西湖区留下镇小和山社区小和山新苑新苑六区29# --- 36#商铺（CTT-高新）,2,杭州市,19,西湖区,267,留下镇,7,25423651,（CTT-高新）,2308970,小和山社区,5445672,小和山新苑,5445736,新苑六区,21442614,29# --- 36#商铺,\N,\N,\N,\N,25423651,（CTT-高新）,20220601.0,2.0
2261798,杭州市西湖区古荡街道益乐社区益乐南村小区一区7# --- 12#商铺（正）,2,杭州市,19,西湖区,264,古荡街道,7,44424933,（正）,88243,益乐社区,5387692,益乐南村小区,\N,\N,21452855,一区7# --- 12#商铺,\N,\N,\N,\N,44424933,（正）,20220601.0,2.0
2265423,杭州市西湖区留下镇小和山社区小和山新苑新苑三区7# --- 18#(CTT-高新),2,杭州市,19,西湖区,267,留下镇,7,25378376,(CTT-高新),2308970,小和山社区,5445672,小和山新苑,5445859,新苑三区,5445862,7# --- 18#,\N,\N,\N,\N,25378376,(CTT-高新),20220601.0,2.0
2265424,杭州市西湖区留下镇小和山社区小和山新苑新苑三区29# --- 38#(CTT-高新),2,杭州市,19,西湖区,267,留下镇,7,25378336,(CTT-高新),2308970,小和山社区,5445672,小和山新苑,5445859,新苑三区,5446104,29# --- 38#,\N,\N,\N,\N,25378336,(CTT-高新),20220601.0,2.0
2266781,杭州市西湖区古荡街道益乐社区益乐南村小区一区45# --- 47#商铺（正）,2,杭州市,19,西湖区,264,古荡街道,7,44424950,（正）,88243,益乐社区,5387692,益乐南村小区,\N,\N,21452846,一区45# --- 47#商铺,\N,\N,\N,\N,44424950,（正）,20220601.0,2.0
2266782,杭州市西湖区古荡街道益乐社区益乐南村小区一区17# --- 19#商铺（正）,2,杭州市,19,西湖区,264,古荡街道,7,44424913,（正）,88243,益乐社区,5387692,益乐南村小区,\N,\N,21452835,一区17# --- 19#商铺,\N,\N,\N,\N,44424913,（正）,20220601.0,2.0
2266808,杭州市西湖区留下镇小和山社区小和山新苑新苑二区25# --- 32#商铺（CTT-高新）,2,杭州市,19,西湖区,267,留下镇,7,25423607,（CTT-高新）,2308970,小和山社区,5445672,小和山新苑,5445705,新苑二区,21442616,25# --- 32#商铺,\N,\N,\N,\N,25423607,（CTT-高新）,20220601.0,2.0
2266809,杭州市西湖区留下镇小和山社区小和山新苑新苑四区71# --- 82#商铺（CTT-高新）,2,杭州市,19,西湖区,267,留下镇,7,25423642,（CTT-高新）,2308970,小和山社区,5445672,小和山新苑,5445902,新苑四区,21442605,71# --- 82#商铺,\N,\N,\N,\N,25423642,（CTT-高新）,20220601.0,2.0
2274813,杭州市西湖区古荡街道益乐社区益乐南村小区一区55# --- 60#（正）,2,杭州市,19,西湖区,264,古荡街道,7,44422665,（正）,88243,益乐社区,5387692,益乐南村小区,\N,\N,5387731,一区55# --- 60#,\N,\N,\N,\N,44422665,（正）,20220601.0,2.0
2274814,杭州市西湖区古荡街道益乐社区益乐南村小区一区38# --- 40#（正）,2,杭州市,19,西湖区,264,古荡街道,7,44422677,（正）,88243,益乐社区,5387692,益乐南村小区,\N,\N,5387742,一区38# --- 40#,\N,\N,\N,\N,44422677,（正）,20220601.0,2.0
2275303,杭州市西湖区留下镇小和山社区小和山新苑新苑一区11# --- 22#(CTT-高新),2,杭州市,19,西湖区,267,留下镇,7,25378268,(CTT-高新),2308970,小和山社区,5445672,小和山新苑,5445775,新苑一区,5445778,11# --- 22#,\N,\N,\N,\N,25378268,(CTT-高新),20220601.0,2.0
2275304,杭州市西湖区留下镇小和山社区小和山新苑新苑二区15# --- 24#(CTT-高新),2,杭州市,19,西湖区,267,留下镇,7,25378334,(CTT-高新),2308970,小和山社区,5445672,小和山新苑,5445705,新苑二区,5445822,15# --- 24#,\N,\N,\N,\N,25378334,(CTT-高新),20220601.0,2.0
2275305,杭州市西湖区留下镇小和山社区小和山新苑新苑五区29# --- 32#(CTT-高新),2,杭州市,19,西湖区,267,留下镇,7,25378328,(CTT-高新),2308970,小和山社区,5445672,小和山新苑,5445674,新苑五区,5446191,29# --- 32#,\N,\N,\N,\N,25378328,(CTT-高新),20220601.0,2.0
2278897,杭州市西湖区留下镇小和山社区新苑六区29# --- 36#,2,杭州市,19,西湖区,267,留下镇,4,2314863,29# --- 36#,2308970,小和山社区,\N,\N,2311892,新苑六区,2314863,29# --- 36#,\N,\N,\N,\N,\N,\N,20220601.0,2.0
2278898,杭州市西湖区留下镇小和山社区新苑六区1# --- 8#,2,杭州市,19,西湖区,267,留下镇,4,2314861,1# --- 8#,2308970,小和山社区,\N,\N,2311892,新苑六区,2314861,1# --- 8#,\N,\N,\N,\N,\N,\N,20220601.0,2.0
2278899,杭州市西湖区留下镇小和山社区新苑六区9# --- 18#,2,杭州市,19,西湖区,267,留下镇,4,2311894,9# --- 18#,2308970,小和山社区,\N,\N,2311892,新苑六区,2311894,9# --- 18#,\N,\N,\N,\N,\N,\N,20220601.0,2.0
2278900,杭州市西湖区留下镇小和山社区新苑六区19# --- 28#,2,杭州市,19,西湖区,267,留下镇,4,2311897,19# --- 28#,2308970,小和山社区,\N,\N,2311892,新苑六区,2311897,19# --- 28#,\N,\N,\N,\N,\N,\N,20220601.0,2.0
2278901,杭州市西湖区留下镇小和山社区新苑六区37# --- 44#,2,杭州市,19,西湖区,267,留下镇,4,2314818,37# --- 44#,2308970,小和山社区,\N,\N,2311892,新苑六区,2314818,37# --- 44#,\N,\N,\N,\N,\N,\N,20220601.0,2.0
2280286,杭州市西湖区留下镇小和山社区小和山新苑新苑六区9# --- 18#商铺,2,杭州市,19,西湖区,267,留下镇,4,21442619,9# --- 18#商铺,2308970,小和山社区,5445672,小和山新苑,5445736,新苑六区,21442619,9# --- 18#商铺,\N,\N,\N,\N,\N,\N,20220601.0,2.0
2280287,杭州市西湖区留下镇小和山社区小和山新苑新苑六区1# --- 8#商铺,2,杭州市,19,西湖区,267,留下镇,4,21442613,1# --- 8#商铺,2308970,小和山社区,5445672,小和山新苑,5445736,新苑六区,21442613,1# --- 8#商铺,\N,\N,\N,\N,\N,\N,20220601.0,2.0
2280288,杭州市西湖区留下镇小和山社区小和山新苑新苑六区29# --- 36#商铺,2,杭州市,19,西湖区,267,留下镇,4,21442614,29# --- 36#商铺,2308970,小和山社区,5445672,小和山新苑,5445736,新苑六区,21442614,29# --- 36#商铺,\N,\N,\N,\N,\N,\N,20220601.0,2.0
2280289,杭州市西湖区留下镇小和山社区小和山新苑新苑六区1# --- 8#,2,杭州市,19,西湖区,267,留下镇,4,5445739,1# --- 8#,2308970,小和山社区,5445672,小和山新苑,5445736,新苑六区,5445739,1# --- 8#,\N,\N,\N,\N,\N,\N,20220601.0,2.0
2280290,杭州市西湖区留下镇小和山社区小和山新苑新苑六区19# --- 28#,2,杭州市,19,西湖区,267,留下镇,4,5446058,19# --- 28#,2308970,小和山社区,5445672,小和山新苑,5445736,新苑六区,5446058,19# --- 28#,\N,\N,\N,\N,\N,\N,20220601.0,2.0
2280291,杭州市西湖区留下镇小和山社区小和山新苑新苑六区37# --- 44#商铺,2,杭州市,19,西湖区,267,留下镇,4,21442607,37# --- 44#商铺,2308970,小和山社区,5445672,小和山新苑,5445736,新苑六区,21442607,37# --- 44#商铺,\N,\N,\N,\N,\N,\N,20220601.0,2.0
2280292,杭州市西湖区留下镇小和山社区小和山新苑新苑六区9# --- 18#,2,杭州市,19,西湖区,267,留下镇,4,5446031,9# --- 18#,2308970,小和山社区,5445672,小和山新苑,5445736,新苑六区,5446031,9# --- 18#,\N,\N,\N,\N,\N,\N,20220601.0,2.0
2280293,杭州市西湖区留下镇小和山社区小和山新苑新苑六区19# --- 28#商铺,2,杭州市,19,西湖区,267,留下镇,4,21442620,19# --- 28#商铺,2308970,小和山社区,5445672,小和山新苑,5445736,新苑六区,21442620,19# --- 28#商铺,\N,\N,\N,\N,\N,\N,20220601.0,2.0
2280294,杭州市西湖区留下镇小和山社区小和山新苑新苑六区29# --- 36#,2,杭州市,19,西湖区,267,留下镇,4,5445975,29# --- 36#,2308970,小和山社区,5445672,小和山新苑,5445736,新苑六区,5445975,29# --- 36#,\N,\N,\N,\N,\N,\N,20220601.0,2.0
2280295,杭州市西湖区留下镇小和山社区小和山新苑新苑六区37# --- 44#,2,杭州市,19,西湖区,267,留下镇,4,5446273,37# --- 44#,2308970,小和山社区,5445672,小和山新苑,5445736,新苑六区,5446273,37# --- 44#,\N,\N,\N,\N,\N,\N,20220601.0,2.0
2285479,杭州市西湖区古荡街道益乐社区二区29# --- 32#,2,杭州市,19,西湖区,264,古荡街道,4,2550634,二区29# --- 32#,88243,益乐社区,\N,\N,\N,\N,2550634,二区29# --- 32#,\N,\N,\N,\N,\N,\N,20220601.0,2.0
2287168,杭州市西湖区古荡街道益乐社区一区20# --- 23#,2,杭州市,19,西湖区,264,古荡街道,4,2550670,一区20# --- 23#,88243,益乐社区,\N,\N,\N,\N,2550670,一区20# --- 23#,\N,\N,\N,\N,\N,\N,20220601.0,2.0
2291128,杭州市西湖区古荡街道益乐社区一区27# --- 30#,2,杭州市,19,西湖区,264,古荡街道,4,2550697,一区27# --- 30#,88243,益乐社区,\N,\N,\N,\N,2550697,一区27# --- 30#,\N,\N,\N,\N,\N,\N,20220601.0,2.0
2296028,杭州市西湖区古荡街道益乐社区二区57# --- 60#,2,杭州市,19,西湖区,264,古荡街道,4,2550609,二区57# --- 60#,88243,益乐社区,\N,\N,\N,\N,2550609,二区57# --- 60#,\N,\N,\N,\N,\N,\N,20220601.0,2.0
2298462,杭州市西湖区古荡街道益乐社区二区19# --- 21#,2,杭州市,19,西湖区,264,古荡街道,4,2550623,二区19# --- 21#,88243,益乐社区,\N,\N,\N,\N,2550623,二区19# --- 21#,\N,\N,\N,\N,\N,\N,20220601.0,2.0
2300224,杭州市西湖区古荡街道益乐社区二区5# --- 7#,2,杭州市,19,西湖区,264,古荡街道,4,2550607,二区5# --- 7#,88243,益乐社区,\N,\N,\N,\N,2550607,二区5# --- 7#,\N,\N,\N,\N,\N,\N,20220601.0,2.0
2301097,杭州市西湖区古荡街道益乐社区一区13# --- 16#,2,杭州市,19,西湖区,264,古荡街道,4,2550668,一区13# --- 16#,88243,益乐社区,\N,\N,\N,\N,2550668,一区13# --- 16#,\N,\N,\N,\N,\N,\N,20220601.0,2.0
2309980,杭州市西湖区留下镇留和路小和山新苑1区11# --- 22#,2,杭州市,19,西湖区,267,留下镇,4,61265168,11# --- 22#,1455,留和路,16119611,小和山新苑,61264725,1区,61265168,11# --- 22#,\N,\N,\N,\N,\N,\N,20220601.0,2.0
