detailedaddress,prefecture_id,prefecture_name,county_id,county_name,township_id,township_name,addresslevel,id,name,road_id,road_name,village_id,village_name,block_id,block_name,building_id,building_name,unit_id,unit_name,floor_id,floor_name,door_id,door_name,p_day,p_city,grade_1,grade_2,grade_3,grade_4,grade_5,grade_6,grade_7,grade_8,grade_9,grade_10,grade_11,grade_12,grade_13,remark
杭州市临安市於潜镇逸逸村中村28号,2,杭州市,26,临安市,241,於潜镇,4,79188261,28号,56853390,逸逸村,79188252,中村,\N,\N,79188261,28号,\N,\N,\N,\N,\N,\N,20220601,2,浙江省,杭州市,临安市,於潜镇,逸逸村,,,中村,,28号,,,,
杭州市临安市天目山镇杲村村水坑坞,2,杭州市,26,临安市,239,天目山镇,2,121430571,村水坑坞,80847031,杲村,121430571,村水坑坞,\N,\N,\N,\N,\N,\N,\N,\N,\N,\N,20220601,2,浙江省,杭州市,临安市,天目山镇,杲村村,,,水坑坞,,,,,,
杭州市临安市於潜镇逸逸村五联西苑35号,2,杭州市,26,临安市,241,於潜镇,4,79352528,35号,56853390,逸逸村,79188252,五联西苑,\N,\N,79352528,35号,\N,\N,\N,\N,\N,\N,20220601,2,浙江省,杭州市,临安市,於潜镇,逸逸村,,,五联西苑,,35号,,,,
杭州市临安市於潜镇逸逸村中村35号,2,杭州市,26,临安市,241,於潜镇,4,79352528,35号,56853390,逸逸村,79188252,中村,\N,\N,79352528,35号,\N,\N,\N,\N,\N,\N,20220601,2,浙江省,杭州市,临安市,於潜镇,逸逸村,,,中村,,35号,,,,
杭州市临安市於潜镇逸逸村中村翁建刚1楼,2,杭州市,26,临安市,241,於潜镇,6,108222558,翁建刚1楼,56853390,逸逸村,79188252,中村,\N,\N,\N,\N,\N,\N,108222558,翁建刚1楼,\N,\N,20220601,2,浙江省,杭州市,临安市,於潜镇,逸逸村,,,中村,,,,翁建刚1楼,,
杭州市临安市於潜镇逸逸村下村兰土华,2,杭州市,26,临安市,241,於潜镇,7,79351966,兰土华,56853390,逸逸村,79188249,下村,\N,\N,\N,\N,\N,\N,\N,\N,79351966,兰土华,20220601,2,浙江省,杭州市,临安市,於潜镇,逸逸村,,,下村,,,,,兰土华,
杭州市临安市太阳镇横路村鹤村对面7号,2,杭州市,26,临安市,237,太阳镇,4,77829664,7号,56853024,横路村,77823472,鹤村,80121530,对面,77829664,7号,\N,\N,\N,\N,\N,\N,20220601,2,浙江省,杭州市,临安市,太阳镇,横路村,,,鹤村对面,,7号,,,,
杭州市滨江区浦沿街道火炬大道中兴手机宿舍4号楼6层601-1室,2,杭州市,13,滨江区,128,浦沿街道,7,26783862,601-1室,2586336,火炬大道,\N,\N,26782599,中兴手机宿舍,26782600,4号楼,\N,\N,26783858,6层,26783862,601-1室,20220601,2,浙江省,杭州市,滨江区,浦沿街道,,火炬大道,,中兴手机宿舍,,4幢,,6层,601-1室,
杭州市滨江区长河街道长江路江三村安置房江三村安置房2幢2层214室,2,杭州市,13,滨江区,127,长河街道,7,29094435,214室,5354299,长江路,29093845,江三村安置房,\N,\N,29094405,江三村安置房2幢,\N,\N,29094421,2层,29094435,214室,20220601,2,浙江省,杭州市,滨江区,长河街道,江三村,长江路,,安置房江三村安置房,,2幢,,2层,214室,
杭州市滨江区浦沿街道滨文路555号浙江警察学院警体馆4F（非家宽及非商企区域）,2,杭州市,13,滨江区,128,浦沿街道,7,93952681,（非家宽及非商企区域）,20890,滨文路,77245967,555号,77245968,浙江警察学院,77246041,警体馆,\N,\N,77246045,4F,93952681,（非家宽及非商企区域）,20220601,2,浙江省,杭州市,滨江区,浦沿街道,,滨文路,555号,浙江警察学院警体馆,,,,4层,,（非家宽及非商企区域）
杭州市滨江区长河街道江陵路77号祖名豆制品员工宿舍2层208号,2,杭州市,13,滨江区,127,长河街道,7,122801990,208号,9636519,江陵路,122801066,77号,122801981,祖名豆制品员工宿舍,\N,\N,\N,\N,122801982,2层,122801990,208号,20220601,2,浙江省,杭州市,滨江区,长河街道,,江陵路,77号,祖名豆制品员工宿舍,,,,2层,208号,
杭州市滨江区长河街道江三村江三村九区江三村十一区10号,2,杭州市,13,滨江区,127,长河街道,4,20612973,江三村十一区10号,75370311,江三村,20608779,江三村九区,\N,\N,20612973,江三村十一区10号,\N,\N,\N,\N,\N,\N,20220601,2,浙江省,杭州市,滨江区,长河街道,江三村,,,九区江三村,11区,10号,,,,
杭州市滨江区西兴街道扬帆路龙湖春江彼岸41121204,2,杭州市,13,滨江区,129,西兴街道,7,39606400,1204,54725559,扬帆路,55729811,龙湖春江彼岸,\N,\N,39606357,4,39606358,1,39606376,12,39606400,1204,20220601,2,浙江省,杭州市,滨江区,西兴街道,,扬帆路,,龙湖春江彼岸,,4,1,12,1204,
杭州市滨江区浦沿街道新生社区八甲村51号旁商铺13,2,杭州市,13,滨江区,128,浦沿街道,7,60792126,旁商铺13,92192360,新生社区,60791679,八甲村,\N,\N,60792039,51号,\N,\N,\N,\N,60792126,旁商铺13,20220601,2,浙江省,杭州市,滨江区,浦沿街道,新生社区,,,八甲村,,51号,,,13旁商铺,
杭州市滨江区浦沿街道镇前路新浦社区135号-2914单元2楼201,2,杭州市,13,滨江区,128,浦沿街道,7,44034174,201,42016060,镇前路,44032957,新浦社区,\N,\N,44034171,135号-291,44034172,4单元,44034173,2楼,44034174,201,20220601,2,浙江省,杭州市,滨江区,浦沿街道,新浦社区,镇前路,135号,,,,4单元,2楼,291201,-
杭州市临安市玲珑街道玲珑村高坎村爱家购物1层,2,杭州市,26,临安市,227,玲珑街道,6,58223390,1层,16937704,玲珑村,58222270,高坎村,58223389,爱家购物,\N,\N,\N,\N,58223390,1层,\N,\N,20220601,2,浙江省,杭州市,临安市,玲珑街道,玲珑村,,,高坎村爱家购物,,,,1层,,
杭州市西湖区双浦镇吴家村吴家村182号3层301号（CTT-转塘),2,杭州市,19,西湖区,270,双浦镇,7,18795400,301号（CTT-转塘),5582794,吴家村,\N,\N,\N,\N,18795394,吴家村182号,\N,\N,18795399,3层,18795400,301号（CTT-转塘),20220601,2,浙江省,杭州市,西湖区,双浦镇,吴家村,,,,,182号,,3层,301号,（CTT-转塘）
杭州市西湖区三墩镇祥余路五幸社区1幢1单元1层倪家坝35号-3,2,杭州市,19,西湖区,269,三墩镇,7,18981589,倪家坝35号-3,2205730,祥余路,14027037,五幸社区,\N,\N,18979149,1幢,18979150,1单元,18979151,1层,18981589,倪家坝35号-3,20220601,2,浙江省,杭州市,西湖区,三墩镇,五幸社区,祥余路,,倪家坝,,1幢,1单元,1层,35号3,-
杭州市西湖区双浦镇灵山村灵山村韩胜荣2幢101,2,杭州市,19,西湖区,270,双浦镇,7,31389845,101,8260761,灵山村,31389572,灵山村,\N,\N,31389844,韩胜荣2幢,\N,\N,\N,\N,31389845,101,20220601,2,浙江省,杭州市,西湖区,双浦镇,灵山村,,,韩胜荣,,2幢,,,101,
杭州市西湖区文新街道文一西路雅仕苑小区商铺153号商铺21层文一西路157号,2,杭州市,19,西湖区,271,文新街道,7,15664776,文一西路157号,1445,文一西路,15664735,雅仕苑小区商铺,\N,\N,15664746,153号,15664748,商铺2,15664750,1层,15664776,文一西路157号,20220601,2,浙江省,杭州市,西湖区,文新街道,,文一西路,,雅仕苑小区商铺,,153号,,1层,157号,商铺2
杭州市西湖区蒋村街道五常港路融创河滨之城西区9幢1单元10楼,2,杭州市,19,西湖区,5126,蒋村街道,6,88626928,0楼,33541913,五常港路,88626447,融创河滨之城,88626653,西区,88626926,9幢1,88626927,单元1,88626928,0楼,\N,\N,20220601,2,浙江省,杭州市,西湖区,蒋村街道,,五常港路,,融创河滨之城,西区,9幢,,0楼,1,单元1
杭州市西湖区文新街道府新社区五联西苑378号2单元5层,2,杭州市,19,西湖区,271,文新街道,6,55607986,5层,39243,府新社区,5557064,五联西苑,\N,\N,55606294,378号,55606296,2单元,55607986,5层,\N,\N,20220601,2,浙江省,杭州市,西湖区,文新街道,府新社区,,,五联西苑,,378号,2单元,5层,,
杭州市西湖区三墩镇厚诚路厚诚社区_卸紫桥_庙前街42号1层101（CTT-高新）,2,杭州市,19,西湖区,269,三墩镇,7,25192052,101（CTT-高新）,40350,厚诚路,10556554,厚诚社区_,20766980,卸紫桥_,25192050,庙前街42号,\N,\N,25192051,1层,25192052,101（CTT-高新）,20220601,2,浙江省,杭州市,西湖区,三墩镇,厚诚社区,厚诚路卸紫桥庙前街,42号,,,,,1层,101,（CTT-高新）
杭州市西湖区双浦镇袁浦街沿街商铺袁浦街32号商铺,2,杭州市,19,西湖区,270,双浦镇,4,28561047,袁浦街32号商铺,2416632,袁浦街,28560785,沿街商铺,\N,\N,28561047,袁浦街32号商铺,\N,\N,\N,\N,\N,\N,20220601,2,浙江省,杭州市,西湖区,双浦镇,,袁浦街,,沿街商铺袁浦街32号商铺,,,,,,
杭州市西湖区转塘镇留泗路叶埠桥村朱家埭13号,2,杭州市,19,西湖区,274,转塘镇,4,18783776,13号,137753,留泗路,18512379,叶埠桥村,18783715,朱家埭,18783776,13号,\N,\N,\N,\N,\N,\N,20220601,2,浙江省,杭州市,西湖区,转塘镇,叶埠桥村,留泗路,,朱家埭,,13号,,,,
杭州市西湖区西溪街道保m路沿山河新村35号9幢,2,杭州市,19,西湖区,273,西溪街道,4,54981798,9幢,2204619,保m路,33568185,沿山河新村,54981797,35号,54981798,9幢,\N,\N,\N,\N,\N,\N,20220601,2,浙江省,杭州市,西湖区,西溪街道,沿山河新村,保m路,35号,,,9幢,,,,
杭州市西湖区转塘镇留泗路叶埠桥村朱家埭13号,2,杭州市,19,西湖区,274,转塘镇,4,18783776,13号,137753,留泗路,18512379,叶埠桥村,18783715,朱家埭,18783776,13号,\N,\N,\N,\N,\N,\N,20220601,2,浙江省,杭州市,西湖区,转塘镇,叶埠桥村,留泗路,,朱家埭,,13号,,,,
杭州市西湖区翠苑街道文一路工商大学（教工路）12号中楼4层401室,2,杭州市,19,西湖区,263,翠苑街道,4,8975048,12号中楼4层401室,4862,文一路,\N,\N,4861,工商大学（教工路）,8975048,12号中楼4层401室,\N,\N,\N,\N,\N,\N,20220601,2,浙江省,杭州市,西湖区,翠苑街道,,文一路,,工商大学12号中楼,,,,4层,401室,（教工路）
杭州市西湖区翠苑街道文一路工商大学（教工路）12号东楼3层305室,2,杭州市,19,西湖区,263,翠苑街道,4,8974959,12号东楼3层305室,4862,文一路,\N,\N,4861,工商大学（教工路）,8974959,12号东楼3层305室,\N,\N,\N,\N,\N,\N,20220601,2,浙江省,杭州市,西湖区,翠苑街道,,文一路,,工商大学12号东楼,,,,3层,305室,（教工路）
杭州市西湖区翠苑街道文一路工商大学（教工路）12号中楼3层305室,2,杭州市,19,西湖区,263,翠苑街道,4,8975047,12号中楼3层305室,4862,文一路,\N,\N,4861,工商大学（教工路）,8975047,12号中楼3层305室,\N,\N,\N,\N,\N,\N,20220601,2,浙江省,杭州市,西湖区,翠苑街道,,文一路,,工商大学12号中楼,,,,3层,305室,（教工路）
杭州市西湖区翠苑街道文一路工商大学（教工路）12号东楼4层401室,2,杭州市,19,西湖区,263,翠苑街道,4,8974960,12号东楼4层401室,4862,文一路,\N,\N,4861,工商大学（教工路）,8974960,12号东楼4层401室,\N,\N,\N,\N,\N,\N,20220601,2,浙江省,杭州市,西湖区,翠苑街道,,文一路,,工商大学12号东楼,,,,4层,401室,（教工路）
杭州市西湖区翠苑街道文一路工商大学（教工路）12号中楼1层103室,2,杭州市,19,西湖区,263,翠苑街道,4,8975035,12号中楼1层103室,4862,文一路,\N,\N,4861,工商大学（教工路）,8975035,12号中楼1层103室,\N,\N,\N,\N,\N,\N,20220601,2,浙江省,杭州市,西湖区,翠苑街道,,文一路,,工商大学12号中楼,,,,1层,103室,（教工路）
杭州市西湖区留下镇西溪路小龙驹坞东方中学综合楼2单元1F,2,杭州市,19,西湖区,267,留下镇,6,83886868,1F,1370,西溪路,83886820,小龙驹坞,83886821,东方中学,83886860,综合楼,83886867,2单元,83886868,1F,\N,\N,20220601,2,浙江省,杭州市,西湖区,留下镇,,西溪路,,小龙驹坞东方中学综合楼,,,2单元,1层,,
杭州市西湖区留下镇西溪路小龙驹坞东方中学综合楼2单元5F,2,杭州市,19,西湖区,267,留下镇,6,83886872,5F,1370,西溪路,83886820,小龙驹坞,83886821,东方中学,83886860,综合楼,83886867,2单元,83886872,5F,\N,\N,20220601,2,浙江省,杭州市,西湖区,留下镇,,西溪路,,小龙驹坞东方中学综合楼,,,2单元,5层,,
杭州市西湖区留下镇西溪路小龙驹坞东方中学综合楼2单元4F,2,杭州市,19,西湖区,267,留下镇,6,83886871,4F,1370,西溪路,83886820,小龙驹坞,83886821,东方中学,83886860,综合楼,83886867,2单元,83886871,4F,\N,\N,20220601,2,浙江省,杭州市,西湖区,留下镇,,西溪路,,小龙驹坞东方中学综合楼,,,2单元,4层,,
杭州市西湖区留下镇西溪路小龙驹坞东方中学综合楼2单元2F,2,杭州市,19,西湖区,267,留下镇,6,83886869,2F,1370,西溪路,83886820,小龙驹坞,83886821,东方中学,83886860,综合楼,83886867,2单元,83886869,2F,\N,\N,20220601,2,浙江省,杭州市,西湖区,留下镇,,西溪路,,小龙驹坞东方中学综合楼,,,2单元,2层,,
杭州市西湖区留下镇西溪路小龙驹坞东方中学综合楼2单元3F,2,杭州市,19,西湖区,267,留下镇,6,83886870,3F,1370,西溪路,83886820,小龙驹坞,83886821,东方中学,83886860,综合楼,83886867,2单元,83886870,3F,\N,\N,20220601,2,浙江省,杭州市,西湖区,留下镇,,西溪路,,小龙驹坞东方中学综合楼,,,2单元,3层,,
杭州市西湖区转塘镇之江路182号浙江工业大学之江校区14号教学楼2单元2F,2,杭州市,19,西湖区,274,转塘镇,6,82623841,2F,1545,之江路,14156544,182号,82622374,浙江工业大学之江校区,82623814,14号教学楼,82623836,2单元,82623841,2F,\N,\N,20220601,2,浙江省,杭州市,西湖区,转塘镇,,之江路,182号,浙江工业大学之江校区14号教学楼,,,2单元,2层,,
杭州市西湖区转塘镇之江路182号浙江工业大学之江校区14号教学楼2单元3F,2,杭州市,19,西湖区,274,转塘镇,6,82623844,3F,1545,之江路,14156544,182号,82622374,浙江工业大学之江校区,82623814,14号教学楼,82623836,2单元,82623844,3F,\N,\N,20220601,2,浙江省,杭州市,西湖区,转塘镇,,之江路,182号,浙江工业大学之江校区14号教学楼,,,2单元,3层,,
杭州市西湖区西溪街道保m路沿山河新村35号9幢,2,杭州市,19,西湖区,273,西溪街道,4,54981798,9幢,2204619,保m路,33568185,沿山河新村,54981797,35号,54981798,9幢,\N,\N,\N,\N,\N,\N,20220601,2,浙江省,杭州市,西湖区,西溪街道,沿山河新村,保m路,35号,,,9幢,,,,
杭州市西湖区西溪街道保m路沿山河新村34号9幢,2,杭州市,19,西湖区,273,西溪街道,4,54981711,9幢,2204619,保m路,33568185,沿山河新村,54981710,34号,54981711,9幢,\N,\N,\N,\N,\N,\N,20220601,2,浙江省,杭州市,西湖区,西溪街道,沿山河新村,保m路,34号,,,9幢,,,,
杭州市西湖区三墩镇塘河社区杨家塘村茹家斗东38幢,2,杭州市,19,西湖区,269,三墩镇,4,37349686,38幢,58780336,塘河社区,32913698,杨家塘村,37349685,茹家斗东,37349686,38幢,\N,\N,\N,\N,\N,\N,20220601,2,浙江省,杭州市,西湖区,三墩镇,塘河社区,,,杨家塘村茹家斗东,,38幢,,,,
杭州市西湖区转塘镇留泗路叶埠桥村朱家埭40号,2,杭州市,19,西湖区,274,转塘镇,4,18783861,40号,137753,留泗路,18512379,叶埠桥村,18783715,朱家埭,18783861,40号,\N,\N,\N,\N,\N,\N,20220601,2,浙江省,杭州市,西湖区,转塘镇,叶埠桥村,留泗路,,朱家埭,,40号,,,,
杭州市西湖区转塘镇留泗路叶埠桥村朱家埭47号,2,杭州市,19,西湖区,274,转塘镇,4,18783906,47号,137753,留泗路,18512379,叶埠桥村,18783715,朱家埭,18783906,47号,\N,\N,\N,\N,\N,\N,20220601,2,浙江省,杭州市,西湖区,转塘镇,叶埠桥村,留泗路,,朱家埭,,47号,,,,
杭州市西湖区转塘镇留泗路叶埠桥村朱家埭5号,2,杭州市,19,西湖区,274,转塘镇,4,18783739,5号,137753,留泗路,18512379,叶埠桥村,18783715,朱家埭,18783739,5号,\N,\N,\N,\N,\N,\N,20220601,2,浙江省,杭州市,西湖区,转塘镇,叶埠桥村,留泗路,,朱家埭,,5号,,,,
杭州市西湖区转塘镇留泗路叶埠桥村朱家埭13号,2,杭州市,19,西湖区,274,转塘镇,4,18783776,13号,137753,留泗路,18512379,叶埠桥村,18783715,朱家埭,18783776,13号,\N,\N,\N,\N,\N,\N,20220601,2,浙江省,杭州市,西湖区,转塘镇,叶埠桥村,留泗路,,朱家埭,,13号,,,,
杭州市西湖区转塘镇留泗路叶埠桥村朱家埭5号西2,2,杭州市,19,西湖区,274,转塘镇,4,18783747,5号西2,137753,留泗路,18512379,叶埠桥村,18783715,朱家埭,18783747,5号西2,\N,\N,\N,\N,\N,\N,20220601,2,浙江省,杭州市,西湖区,转塘镇,叶埠桥村,留泗路,,朱家埭,,5号,,,2,西
杭州市西湖区转塘镇留泗路叶埠桥村朱家埭8号,2,杭州市,19,西湖区,274,转塘镇,4,18783756,8号,137753,留泗路,18512379,叶埠桥村,18783715,朱家埭,18783756,8号,\N,\N,\N,\N,\N,\N,20220601,2,浙江省,杭州市,西湖区,转塘镇,叶埠桥村,留泗路,,朱家埭,,8号,,,,
杭州市西湖区转塘镇留泗路叶埠桥村朱家埭7号,2,杭州市,19,西湖区,274,转塘镇,4,18783745,7号,137753,留泗路,18512379,叶埠桥村,18783715,朱家埭,18783745,7号,\N,\N,\N,\N,\N,\N,20220601,2,浙江省,杭州市,西湖区,转塘镇,叶埠桥村,留泗路,,朱家埭,,7号,,,,
杭州市西湖区转塘镇留泗路叶埠桥村朱家埭1号,2,杭州市,19,西湖区,274,转塘镇,4,18783805,1号,137753,留泗路,18512379,叶埠桥村,18783715,朱家埭,18783805,1号,\N,\N,\N,\N,\N,\N,20220601,2,浙江省,杭州市,西湖区,转塘镇,叶埠桥村,留泗路,,朱家埭,,1号,,,,
杭州市西湖区翠苑街道文一路工商大学（教工路）12号楼宇,2,杭州市,19,西湖区,263,翠苑街道,4,264182,12号楼宇,4862,文一路,\N,\N,4861,工商大学（教工路）,264182,12号楼宇,\N,\N,\N,\N,\N,\N,20220601,2,浙江省,杭州市,西湖区,翠苑街道,,文一路,,工商大学宇,,12幢,,,,（教工路）
杭州市西湖区转塘镇科海路钱江BLOCK一期2单元3层,2,杭州市,19,西湖区,274,转塘镇,6,39235883,3层,38399322,科海路,\N,\N,39171985,钱江BLOCK,39180362,一期,39180870,2单元,39235883,3层,\N,\N,20220601,2,浙江省,杭州市,西湖区,转塘镇,,科海路,,钱江BLOCK,1期,,2单元,3层,,
杭州市西湖区转塘镇科海路钱江BLOCK一期2单元地下室,2,杭州市,19,西湖区,274,转塘镇,6,39180872,地下室,38399322,科海路,\N,\N,39171985,钱江BLOCK,39180362,一期,39180870,2单元,39180872,地下室,\N,\N,20220601,2,浙江省,杭州市,西湖区,转塘镇,,科海路,,钱江BLOCK地下室,1期,,2单元,,,
杭州市西湖区转塘镇科海路钱江BLOCK一期2单元2层,2,杭州市,19,西湖区,274,转塘镇,6,39235879,2层,38399322,科海路,\N,\N,39171985,钱江BLOCK,39180362,一期,39180870,2单元,39235879,2层,\N,\N,20220601,2,浙江省,杭州市,西湖区,转塘镇,,科海路,,钱江BLOCK,1期,,2单元,2层,,
杭州市西湖区转塘镇科海路钱江BLOCK一期2单元5层,2,杭州市,19,西湖区,274,转塘镇,6,39235891,5层,38399322,科海路,\N,\N,39171985,钱江BLOCK,39180362,一期,39180870,2单元,39235891,5层,\N,\N,20220601,2,浙江省,杭州市,西湖区,转塘镇,,科海路,,钱江BLOCK,1期,,2单元,5层,,
杭州市西湖区转塘镇科海路钱江BLOCK一期2单元4层,2,杭州市,19,西湖区,274,转塘镇,6,39235887,4层,38399322,科海路,\N,\N,39171985,钱江BLOCK,39180362,一期,39180870,2单元,39235887,4层,\N,\N,20220601,2,浙江省,杭州市,西湖区,转塘镇,,科海路,,钱江BLOCK,1期,,2单元,4层,,
杭州市西湖区转塘镇科海路钱江BLOCK一期2单元6层,2,杭州市,19,西湖区,274,转塘镇,6,39235895,6层,38399322,科海路,\N,\N,39171985,钱江BLOCK,39180362,一期,39180870,2单元,39235895,6层,\N,\N,20220601,2,浙江省,杭州市,西湖区,转塘镇,,科海路,,钱江BLOCK,1期,,2单元,6层,,
杭州市西湖区转塘镇科海路钱江BLOCK一期2单元1层,2,杭州市,19,西湖区,274,转塘镇,6,39235875,1层,38399322,科海路,\N,\N,39171985,钱江BLOCK,39180362,一期,39180870,2单元,39235875,1层,\N,\N,20220601,2,浙江省,杭州市,西湖区,转塘镇,,科海路,,钱江BLOCK,1期,,2单元,1层,,
杭州市西湖区转塘镇科海路钱江BLOCK一期3单元1层,2,杭州市,19,西湖区,274,转塘镇,6,39235601,1层,38399322,科海路,\N,\N,39171985,钱江BLOCK,39180362,一期,39180782,3单元,39235601,1层,\N,\N,20220601,2,浙江省,杭州市,西湖区,转塘镇,,科海路,,钱江BLOCK,1期,,3单元,1层,,
杭州市西湖区转塘镇科海路钱江BLOCK一期3单元地下室,2,杭州市,19,西湖区,274,转塘镇,6,39180784,地下室,38399322,科海路,\N,\N,39171985,钱江BLOCK,39180362,一期,39180782,3单元,39180784,地下室,\N,\N,20220601,2,浙江省,杭州市,西湖区,转塘镇,,科海路,,钱江BLOCK地下室,1期,,3单元,,,
杭州市西湖区转塘镇科海路钱江BLOCK一期3单元3层,2,杭州市,19,西湖区,274,转塘镇,6,39235609,3层,38399322,科海路,\N,\N,39171985,钱江BLOCK,39180362,一期,39180782,3单元,39235609,3层,\N,\N,20220601,2,浙江省,杭州市,西湖区,转塘镇,,科海路,,钱江BLOCK,1期,,3单元,3层,,
杭州市西湖区转塘镇科海路钱江BLOCK一期3单元5层,2,杭州市,19,西湖区,274,转塘镇,6,39235617,5层,38399322,科海路,\N,\N,39171985,钱江BLOCK,39180362,一期,39180782,3单元,39235617,5层,\N,\N,20220601,2,浙江省,杭州市,西湖区,转塘镇,,科海路,,钱江BLOCK,1期,,3单元,5层,,
杭州市西湖区转塘镇科海路钱江BLOCK一期3单元6层,2,杭州市,19,西湖区,274,转塘镇,6,39235621,6层,38399322,科海路,\N,\N,39171985,钱江BLOCK,39180362,一期,39180782,3单元,39235621,6层,\N,\N,20220601,2,浙江省,杭州市,西湖区,转塘镇,,科海路,,钱江BLOCK,1期,,3单元,6层,,
杭州市西湖区转塘镇科海路钱江BLOCK一期3单元4层,2,杭州市,19,西湖区,274,转塘镇,6,39235613,4层,38399322,科海路,\N,\N,39171985,钱江BLOCK,39180362,一期,39180782,3单元,39235613,4层,\N,\N,20220601,2,浙江省,杭州市,西湖区,转塘镇,,科海路,,钱江BLOCK,1期,,3单元,4层,,
杭州市西湖区转塘镇科海路钱江BLOCK一期3单元2层,2,杭州市,19,西湖区,274,转塘镇,6,39235605,2层,38399322,科海路,\N,\N,39171985,钱江BLOCK,39180362,一期,39180782,3单元,39235605,2层,\N,\N,20220601,2,浙江省,杭州市,西湖区,转塘镇,,科海路,,钱江BLOCK,1期,,3单元,2层,,
杭州市西湖区转塘镇镇中路村口家园2期24幢2单元9层,2,杭州市,19,西湖区,274,转塘镇,6,80575541,9层,75115655,镇中路,98979446,村口家园,80575033,2期,80575478,24幢,80575504,2单元,80575541,9层,\N,\N,20220601,2,浙江省,杭州市,西湖区,转塘镇,,镇中路,,村口家园,2期,24幢,2单元,9层,,
杭州市西湖区转塘镇镇中路村口家园2期24幢2单元6层,2,杭州市,19,西湖区,274,转塘镇,6,80575527,6层,75115655,镇中路,98979446,村口家园,80575033,2期,80575478,24幢,80575504,2单元,80575527,6层,\N,\N,20220601,2,浙江省,杭州市,西湖区,转塘镇,,镇中路,,村口家园,2期,24幢,2单元,6层,,
杭州市西湖区转塘镇镇中路村口家园2期24幢2单元11层,2,杭州市,19,西湖区,274,转塘镇,6,80575551,11层,75115655,镇中路,98979446,村口家园,80575033,2期,80575478,24幢,80575504,2单元,80575551,11层,\N,\N,20220601,2,浙江省,杭州市,西湖区,转塘镇,,镇中路,,村口家园,2期,24幢,2单元,11层,,
杭州市西湖区转塘镇镇中路村口家园2期24幢2单元3层,2,杭州市,19,西湖区,274,转塘镇,6,80575515,3层,75115655,镇中路,98979446,村口家园,80575033,2期,80575478,24幢,80575504,2单元,80575515,3层,\N,\N,20220601,2,浙江省,杭州市,西湖区,转塘镇,,镇中路,,村口家园,2期,24幢,2单元,3层,,
杭州市西湖区转塘镇镇中路村口家园2期24幢2单元1层,2,杭州市,19,西湖区,274,转塘镇,6,80575506,1层,75115655,镇中路,98979446,村口家园,80575033,2期,80575478,24幢,80575504,2单元,80575506,1层,\N,\N,20220601,2,浙江省,杭州市,西湖区,转塘镇,,镇中路,,村口家园,2期,24幢,2单元,1层,,
杭州市西湖区转塘镇镇中路村口家园2期24幢2单元5层,2,杭州市,19,西湖区,274,转塘镇,6,80575522,5层,75115655,镇中路,98979446,村口家园,80575033,2期,80575478,24幢,80575504,2单元,80575522,5层,\N,\N,20220601,2,浙江省,杭州市,西湖区,转塘镇,,镇中路,,村口家园,2期,24幢,2单元,5层,,
杭州市西湖区转塘镇镇中路村口家园2期24幢2单元7层,2,杭州市,19,西湖区,274,转塘镇,6,80575532,7层,75115655,镇中路,98979446,村口家园,80575033,2期,80575478,24幢,80575504,2单元,80575532,7层,\N,\N,20220601,2,浙江省,杭州市,西湖区,转塘镇,,镇中路,,村口家园,2期,24幢,2单元,7层,,
杭州市西湖区转塘镇镇中路村口家园2期24幢2单元10层,2,杭州市,19,西湖区,274,转塘镇,6,80575546,10层,75115655,镇中路,98979446,村口家园,80575033,2期,80575478,24幢,80575504,2单元,80575546,10层,\N,\N,20220601,2,浙江省,杭州市,西湖区,转塘镇,,镇中路,,村口家园,2期,24幢,2单元,10层,,
杭州市西湖区转塘镇镇中路村口家园2期24幢2单元8层,2,杭州市,19,西湖区,274,转塘镇,6,80575537,8层,75115655,镇中路,98979446,村口家园,80575033,2期,80575478,24幢,80575504,2单元,80575537,8层,\N,\N,20220601,2,浙江省,杭州市,西湖区,转塘镇,,镇中路,,村口家园,2期,24幢,2单元,8层,,
杭州市西湖区翠苑街道古翠路翠苑新村三区71幢3单元西北侧,2,杭州市,19,西湖区,263,翠苑街道,6,108199454,西北侧,2204616,古翠路,108198815,翠苑新村,108198819,三区,108198873,71幢,108198874,3单元,108199454,西北侧,\N,\N,20220601,2,浙江省,杭州市,西湖区,翠苑街道,翠苑新村,古翠路,,,3区,71幢,3单元,,,西北侧
杭州市西湖区留下镇屏基山路山缘老人公寓15幢22,2,杭州市,19,西湖区,267,留下镇,6,39124987,2,63517927,屏基山路,39096612,山缘老人公寓,\N,\N,39096841,15幢,39124979,2,39124987,2,\N,\N,20220601,2,浙江省,杭州市,西湖区,留下镇,,屏基山路,,山缘老人公寓,,15幢,2,2,,
杭州市西湖区留下镇屏基山路山缘老人公寓15幢25,2,杭州市,19,西湖区,267,留下镇,6,39125059,5,63517927,屏基山路,39096612,山缘老人公寓,\N,\N,39096841,15幢,39124979,2,39125059,5,\N,\N,20220601,2,浙江省,杭州市,西湖区,留下镇,,屏基山路,,山缘老人公寓,,15幢,2,5,,
杭州市西湖区留下镇屏基山路山缘老人公寓15幢21,2,杭州市,19,西湖区,267,留下镇,6,39124980,1,63517927,屏基山路,39096612,山缘老人公寓,\N,\N,39096841,15幢,39124979,2,39124980,1,\N,\N,20220601,2,浙江省,杭州市,西湖区,留下镇,,屏基山路,,山缘老人公寓,,15幢,2,1,,
杭州市西湖区留下镇屏基山路山缘老人公寓15幢23,2,杭州市,19,西湖区,267,留下镇,6,39124996,3,63517927,屏基山路,39096612,山缘老人公寓,\N,\N,39096841,15幢,39124979,2,39124996,3,\N,\N,20220601,2,浙江省,杭州市,西湖区,留下镇,,屏基山路,,山缘老人公寓,,15幢,2,3,,
杭州市西湖区留下镇屏基山路山缘老人公寓15幢24,2,杭州市,19,西湖区,267,留下镇,6,39125026,4,63517927,屏基山路,39096612,山缘老人公寓,\N,\N,39096841,15幢,39124979,2,39125026,4,\N,\N,20220601,2,浙江省,杭州市,西湖区,留下镇,,屏基山路,,山缘老人公寓,,15幢,2,4,,
杭州市西湖区留下镇屏基山路山缘老人公寓12幢13,2,杭州市,19,西湖区,267,留下镇,6,39124439,3,63517927,屏基山路,39096612,山缘老人公寓,\N,\N,39096804,12幢,39124407,1,39124439,3,\N,\N,20220601,2,浙江省,杭州市,西湖区,留下镇,,屏基山路,,山缘老人公寓,,12幢,1,3,,
杭州市西湖区转塘镇之江路梦湖山庄梦湖三路48号(未覆盖）,2,杭州市,19,西湖区,274,转塘镇,7,53802245,48号(未覆盖）,1545,之江路,53802033,梦湖山庄,53802180,梦湖三路,\N,\N,\N,\N,\N,\N,53802245,48号(未覆盖）,20220601,2,浙江省,杭州市,西湖区,转塘镇,,之江路,,梦湖山庄梦湖三路,,48号,,,,（未覆盖）
杭州市西湖区转塘镇之江路梦湖山庄梦湖三路48号(未覆盖）,2,杭州市,19,西湖区,274,转塘镇,7,53802245,48号(未覆盖）,1545,之江路,53802033,梦湖山庄,53802180,之江路,\N,\N,\N,\N,\N,\N,53802245,48号(未覆盖）,20220601,2,浙江省,杭州市,西湖区,转塘镇,,之江路,,梦湖山庄,,48号,,,,（未覆盖）
杭州市西湖区留下镇东岳社区东岳自然村东岳街15号,2,杭州市,19,西湖区,267,留下镇,4,125158949,15号,2308924,东岳社区,125158747,东岳自然村,125158763,东岳街,125158949,15号,\N,\N,\N,\N,\N,\N,20220601,2,浙江省,杭州市,西湖区,留下镇,东岳社区,东岳街,,东岳自然村,,15号,,,,
杭州市西湖区留下镇东岳社区东岳自然村东岳街1-3号,2,杭州市,19,西湖区,267,留下镇,4,125158912,1-3号,2308924,东岳社区,125158747,东岳自然村,125158763,东岳街,125158912,1-3号,\N,\N,\N,\N,\N,\N,20220601,2,浙江省,杭州市,西湖区,留下镇,东岳社区,东岳街,,东岳自然村,,1-3号,,,,
杭州市西湖区北山街道杭大路杭大新村26幢58号4楼,2,杭州市,19,西湖区,262,北山街道,6,107185899,4楼,2393887,杭大路,106937556,杭大新村,\N,\N,106989261,26幢,107185895,58号,107185899,4楼,\N,\N,20220601,2,浙江省,杭州市,西湖区,北山街道,杭大新村,杭大路,58号,,,26幢,,4楼,,
杭州市西湖区古荡街道益乐路古荡新村东区17幢4单元旁,2,杭州市,19,西湖区,264,古荡街道,7,111694943,旁,41452,益乐路,45372515,古荡新村,101008845,东区,101008846,17幢,101014076,4单元,\N,\N,111694943,旁,20220601,2,浙江省,杭州市,西湖区,古荡街道,古荡新村,益乐路,,,东区,17幢,4单元,,旁,
杭州市西湖区古荡街道益乐路古荡新村东区17幢4单元3层,2,杭州市,19,西湖区,264,古荡街道,6,101014089,3层,41452,益乐路,45372515,古荡新村,101008845,东区,101008846,17幢,101014076,4单元,101014089,3层,\N,\N,20220601,2,浙江省,杭州市,西湖区,古荡街道,古荡新村,益乐路,,,东区,17幢,4单元,3层,,
杭州市西湖区古荡街道益乐路古荡新村东区17幢4单元5层,2,杭州市,19,西湖区,264,古荡街道,6,101014081,5层,41452,益乐路,45372515,古荡新村,101008845,东区,101008846,17幢,101014076,4单元,101014081,5层,\N,\N,20220601,2,浙江省,杭州市,西湖区,古荡街道,古荡新村,益乐路,,,东区,17幢,4单元,5层,,
杭州市西湖区古荡街道益乐路古荡新村东区17幢4单元1层,2,杭州市,19,西湖区,264,古荡街道,6,101014097,1层,41452,益乐路,45372515,古荡新村,101008845,东区,101008846,17幢,101014076,4单元,101014097,1层,\N,\N,20220601,2,浙江省,杭州市,西湖区,古荡街道,古荡新村,益乐路,,,东区,17幢,4单元,1层,,
杭州市西湖区古荡街道益乐路古荡新村东区17幢4单元4层,2,杭州市,19,西湖区,264,古荡街道,6,101014085,4层,41452,益乐路,45372515,古荡新村,101008845,东区,101008846,17幢,101014076,4单元,101014085,4层,\N,\N,20220601,2,浙江省,杭州市,西湖区,古荡街道,古荡新村,益乐路,,,东区,17幢,4单元,4层,,
杭州市西湖区古荡街道古墩路415号新金都城市花园紫东苑8幢,2,杭州市,19,西湖区,264,古荡街道,4,13936021,新金都城市花园紫东苑8幢,40794,古墩路,\N,\N,13936020,415号,13936021,新金都城市花园紫东苑8幢,\N,\N,\N,\N,\N,\N,20220601,2,浙江省,杭州市,西湖区,古荡街道,,古墩路,415号,新金都城市花园紫东苑,,8幢,,,,
杭州市西湖区古荡街道莲花街莲花新村西区5幢2单元7楼,2,杭州市,19,西湖区,264,古荡街道,6,105724993,7楼,2204937,莲花街,58150345,莲花新村,105724033,西区,105724088,5幢,105724089,2单元,105724993,7楼,\N,\N,20220601,2,浙江省,杭州市,西湖区,古荡街道,莲花新村,莲花街,,,西区,5幢,2单元,7楼,,
杭州市西湖区古荡街道古荡社区（铁通高新）古荡西区30幢3单元4层,2,杭州市,19,西湖区,264,古荡街道,6,9812693,4层,9779624,古荡社区,9811809,（铁通高新）古荡西区,\N,\N,9812524,30幢,9812680,3单元,9812693,4层,\N,\N,20220601,2,浙江省,杭州市,西湖区,古荡街道,古荡社区,,,古荡西区,,30幢,3单元,4层,,（铁通高新）
杭州市西湖区古荡街道古荡社区（铁通高新）古荡西区30幢3单元1层,2,杭州市,19,西湖区,264,古荡街道,6,9812681,1层,9779624,古荡社区,9811809,（铁通高新）古荡西区,\N,\N,9812524,30幢,9812680,3单元,9812681,1层,\N,\N,20220601,2,浙江省,杭州市,西湖区,古荡街道,古荡社区,,,古荡西区,,30幢,3单元,1层,,（铁通高新）
杭州市西湖区古荡街道古荡社区（铁通高新）古荡西区30幢3单元6层,2,杭州市,19,西湖区,264,古荡街道,6,9812743,6层,9779624,古荡社区,9811809,（铁通高新）古荡西区,\N,\N,9812524,30幢,9812680,3单元,9812743,6层,\N,\N,20220601,2,浙江省,杭州市,西湖区,古荡街道,古荡社区,,,古荡西区,,30幢,3单元,6层,,（铁通高新）
杭州市西湖区西溪街道上马塍社区马塍路13号小区3幢4单元4楼,2,杭州市,19,西湖区,273,西溪街道,6,101084611,4楼,55568777,上马塍社区,101075744,马塍路13号小区,\N,\N,101076241,3幢,101076270,4单元,101084611,4楼,\N,\N,20220601,2,浙江省,杭州市,西湖区,西溪街道,上马塍社区,马塍路,,13号小区,,3幢,4单元,4楼,,
杭州市西湖区转塘镇创意路与灵凤街交叉口凤凰创意园A4号楼,2,杭州市,19,西湖区,274,转塘镇,4,123130636,A4号楼,39319824,创意路,123123579,与灵凤街交叉口,123130634,凤凰创意园,123130636,A4号楼,\N,\N,\N,\N,\N,\N,20220601,2,浙江省,杭州市,西湖区,转塘镇,,创意路与灵凤街,交叉口,凤凰创意园,,A4幢,,,,
杭州市西湖区转塘镇创意路与灵凤街交叉口凤凰创意园A5号楼,2,杭州市,19,西湖区,274,转塘镇,4,123197557,A5号楼,39319824,创意路,123123579,与灵凤街交叉口,123130634,凤凰创意园,123197557,A5号楼,\N,\N,\N,\N,\N,\N,20220601,2,浙江省,杭州市,西湖区,转塘镇,,创意路与灵凤街,交叉口,凤凰创意园,,A5幢,,,,
杭州市西湖区西溪街道莫干山路347号商住楼1单元1F,2,杭州市,19,西湖区,273,西溪街道,6,88076718,1F,41457,莫干山路,\N,\N,45188752,347号,83726650,商住楼,88076717,1单元,88076718,1F,\N,\N,20220601,2,浙江省,杭州市,西湖区,西溪街道,,莫干山路,347号,商住楼,,,1单元,1层,,
杭州市西湖区西湖街道杨公堤9号空军疗养院62幢4单元1楼,2,杭州市,19,西湖区,272,西湖街道,6,91123434,1楼,2205165,杨公堤,90592372,9号,91095454,空军疗养院,91095533,62幢,91095541,4单元,91123434,1楼,\N,\N,20220601,2,浙江省,杭州市,西湖区,西湖街道,,杨公堤,9号,空军疗养院,,62幢,4单元,1楼,,
杭州市西湖区北山街道曙光路34号铁路新村2幢,2,杭州市,19,西湖区,262,北山街道,4,47019432,2幢,40798,曙光路,47019430,34号,47019431,铁路新村,47019432,2幢,\N,\N,\N,\N,\N,\N,20220601,2,浙江省,杭州市,西湖区,北山街道,,曙光路,34号,铁路新村,,2幢,,,,
杭州市西湖区翠苑街道文三路九莲新村16幢52号2楼201室【聚集小区】,2,杭州市,19,西湖区,263,翠苑街道,7,106932357,201室【聚集小区】,678,文三路,679,九莲新村,\N,\N,101562148,16幢,101562149,52号,101562150,2楼,106932357,201室【聚集小区】,20220601,2,浙江省,杭州市,西湖区,翠苑街道,九莲新村,文三路,52号,,,16幢,,2楼,201室,【聚集小区】
杭州市西湖区翠苑街道文三路九莲新村16幢52号2楼203室【聚集小区】,2,杭州市,19,西湖区,263,翠苑街道,7,106932353,203室【聚集小区】,678,文三路,679,九莲新村,\N,\N,101562148,16幢,101562149,52号,101562150,2楼,106932353,203室【聚集小区】,20220601,2,浙江省,杭州市,西湖区,翠苑街道,九莲新村,文三路,52号,,,16幢,,2楼,203室,【聚集小区】
杭州市西湖区翠苑街道文三路九莲新村16幢52号2楼202室【聚集小区】,2,杭州市,19,西湖区,263,翠苑街道,7,106932355,202室【聚集小区】,678,文三路,679,九莲新村,\N,\N,101562148,16幢,101562149,52号,101562150,2楼,106932355,202室【聚集小区】,20220601,2,浙江省,杭州市,西湖区,翠苑街道,九莲新村,文三路,52号,,,16幢,,2楼,202室,【聚集小区】
杭州市西湖区翠苑街道文三路九莲新村16幢52号2楼202室,2,杭州市,19,西湖区,263,翠苑街道,7,101572162,202室,678,文三路,679,九莲新村,\N,\N,101562148,16幢,101562149,52号,101562150,2楼,101572162,202室,20220601,2,浙江省,杭州市,西湖区,翠苑街道,九莲新村,文三路,52号,,,16幢,,2楼,202室,
杭州市西湖区转塘镇之江路云栖蝶谷公寓2幢,2,杭州市,19,西湖区,274,转塘镇,4,53791022,2幢,1545,之江路,53790962,云栖蝶谷,53790963,公寓,53791022,2幢,\N,\N,\N,\N,\N,\N,20220601,2,浙江省,杭州市,西湖区,转塘镇,,之江路,,云栖蝶谷公寓,,2幢,,,,
杭州市西湖区转塘镇之江路云栖蝶谷公寓3幢,2,杭州市,19,西湖区,274,转塘镇,4,53791036,3幢,1545,之江路,53790962,云栖蝶谷,53790963,公寓,53791036,3幢,\N,\N,\N,\N,\N,\N,20220601,2,浙江省,杭州市,西湖区,转塘镇,,之江路,,云栖蝶谷公寓,,3幢,,,,
杭州市西湖区转塘镇之江路云栖蝶谷公寓1幢,2,杭州市,19,西湖区,274,转塘镇,4,53790964,1幢,1545,之江路,53790962,云栖蝶谷,53790963,公寓,53790964,1幢,\N,\N,\N,\N,\N,\N,20220601,2,浙江省,杭州市,西湖区,转塘镇,,之江路,,云栖蝶谷公寓,,1幢,,,,
杭州市西湖区转塘镇之江路云栖蝶谷公寓5幢,2,杭州市,19,西湖区,274,转塘镇,4,53791049,5幢,1545,之江路,53790962,云栖蝶谷,53790963,公寓,53791049,5幢,\N,\N,\N,\N,\N,\N,20220601,2,浙江省,杭州市,西湖区,转塘镇,,之江路,,云栖蝶谷公寓,,5幢,,,,
杭州市西湖区转塘镇之江路云栖蝶谷公寓4幢,2,杭州市,19,西湖区,274,转塘镇,4,53791152,4幢,1545,之江路,53790962,云栖蝶谷,53790963,公寓,53791152,4幢,\N,\N,\N,\N,\N,\N,20220601,2,浙江省,杭州市,西湖区,转塘镇,,之江路,,云栖蝶谷公寓,,4幢,,,,
杭州市西湖区转塘镇杭新路九溪玫瑰园东D24幢,2,杭州市,19,西湖区,274,转塘镇,4,53777318,D24幢,137734,杭新路,53776108,九溪玫瑰园,53776743,东,53777318,D24幢,\N,\N,\N,\N,\N,\N,20220601,2,浙江省,杭州市,西湖区,转塘镇,,杭新路,,九溪玫瑰园东,,D24幢,,,,
杭州市西湖区转塘镇杭新路九溪玫瑰园东C35幢,2,杭州市,19,西湖区,274,转塘镇,4,53777131,C35幢,137734,杭新路,53776108,九溪玫瑰园,53776743,东,53777131,C35幢,\N,\N,\N,\N,\N,\N,20220601,2,浙江省,杭州市,西湖区,转塘镇,,杭新路,,九溪玫瑰园东,,C35幢,,,,
杭州市西湖区转塘镇杭新路九溪玫瑰园东C12幢,2,杭州市,19,西湖区,274,转塘镇,4,53776998,C12幢,137734,杭新路,53776108,九溪玫瑰园,53776743,东,53776998,C12幢,\N,\N,\N,\N,\N,\N,20220601,2,浙江省,杭州市,西湖区,转塘镇,,杭新路,,九溪玫瑰园东,,C12幢,,,,
杭州市西湖区转塘镇杭新路九溪玫瑰园东B24幢,2,杭州市,19,西湖区,274,转塘镇,4,53776905,B24幢,137734,杭新路,53776108,九溪玫瑰园,53776743,东,53776905,B24幢,\N,\N,\N,\N,\N,\N,20220601,2,浙江省,杭州市,西湖区,转塘镇,,杭新路,,九溪玫瑰园东,,B24幢,,,,
杭州市西湖区西湖街道满觉陇路三台山社区南325号(未覆盖）,2,杭州市,19,西湖区,272,西湖街道,7,53744365,325号(未覆盖）,2205346,满觉陇路,53743563,三台山社区,53743569,南,\N,\N,\N,\N,\N,\N,53744365,325号(未覆盖）,20220601,2,浙江省,杭州市,西湖区,西湖街道,三台山社区,满觉陇路,,,,325号,,,,（未覆盖）南
杭州市西湖区西湖街道满觉陇路三台山社区南116号(未覆盖）,2,杭州市,19,西湖区,272,西湖街道,7,53745888,116号(未覆盖）,2205346,满觉陇路,53743563,三台山社区,53743569,南,\N,\N,\N,\N,\N,\N,53745888,116号(未覆盖）,20220601,2,浙江省,杭州市,西湖区,西湖街道,三台山社区,满觉陇路,,,,116号,,,,（未覆盖）南
杭州市西湖区西湖街道满觉陇路三台山社区南334号(未覆盖）,2,杭州市,19,西湖区,272,西湖街道,7,53744340,334号(未覆盖）,2205346,满觉陇路,53743563,三台山社区,53743569,南,\N,\N,\N,\N,\N,\N,53744340,334号(未覆盖）,20220601,2,浙江省,杭州市,西湖区,西湖街道,三台山社区,满觉陇路,,,,334号,,,,（未覆盖）南
杭州市西湖区西湖街道满觉陇路三台山社区南296号(未覆盖）,2,杭州市,19,西湖区,272,西湖街道,7,53744571,296号(未覆盖）,2205346,满觉陇路,53743563,三台山社区,53743569,南,\N,\N,\N,\N,\N,\N,53744571,296号(未覆盖）,20220601,2,浙江省,杭州市,西湖区,西湖街道,三台山社区,满觉陇路,,,,296号,,,,（未覆盖）南
杭州市西湖区三墩镇丰潭路浙江省廉政教育基地4层,2,杭州市,19,西湖区,269,三墩镇,6,52872692,4层,41246,丰潭路,\N,\N,52399707,浙江省廉政教育基地,\N,\N,\N,\N,52872692,4层,\N,\N,20220601,2,浙江省,杭州市,西湖区,三墩镇,,丰潭路,,浙江省廉政教育基地,,,,4层,,
杭州市西湖区三墩镇丰潭路浙江省廉政教育基地5层,2,杭州市,19,西湖区,269,三墩镇,6,52872728,5层,41246,丰潭路,\N,\N,52399707,浙江省廉政教育基地,\N,\N,\N,\N,52872728,5层,\N,\N,20220601,2,浙江省,杭州市,西湖区,三墩镇,,丰潭路,,浙江省廉政教育基地,,,,5层,,
杭州市西湖区三墩镇丰潭路浙江省廉政教育基地3层,2,杭州市,19,西湖区,269,三墩镇,6,52872661,3层,41246,丰潭路,\N,\N,52399707,浙江省廉政教育基地,\N,\N,\N,\N,52872661,3层,\N,\N,20220601,2,浙江省,杭州市,西湖区,三墩镇,,丰潭路,,浙江省廉政教育基地,,,,3层,,
杭州市西湖区三墩镇丰潭路浙江省廉政教育基地2层,2,杭州市,19,西湖区,269,三墩镇,6,52872630,2层,41246,丰潭路,\N,\N,52399707,浙江省廉政教育基地,\N,\N,\N,\N,52872630,2层,\N,\N,20220601,2,浙江省,杭州市,西湖区,三墩镇,,丰潭路,,浙江省廉政教育基地,,,,2层,,
杭州市西湖区留下镇西溪路杭州万向职业技术学院3号楼4层426室,2,杭州市,19,西湖区,267,留下镇,4,4654104,3号楼4层426室,1370,西溪路,\N,\N,4649526,杭州万向职业技术学院,4654104,3号楼4层426室,\N,\N,\N,\N,\N,\N,20220601,2,浙江省,杭州市,西湖区,留下镇,,西溪路,,杭州万向职业技术学院,,3幢,,4层,426室,
杭州市西湖区留下镇西溪路杭州万向职业技术学院2号楼2层223室,2,杭州市,19,西湖区,267,留下镇,4,4653234,2号楼2层223室,1370,西溪路,\N,\N,4649526,杭州万向职业技术学院,4653234,2号楼2层223室,\N,\N,\N,\N,\N,\N,20220601,2,浙江省,杭州市,西湖区,留下镇,,西溪路,,杭州万向职业技术学院,,2幢,,2层,223室,
杭州市西湖区留下镇西溪路杭州万向职业技术学院6号楼6层621室,2,杭州市,19,西湖区,267,留下镇,4,4652928,6号楼6层621室,1370,西溪路,\N,\N,4649526,杭州万向职业技术学院,4652928,6号楼6层621室,\N,\N,\N,\N,\N,\N,20220601,2,浙江省,杭州市,西湖区,留下镇,,西溪路,,杭州万向职业技术学院,,6幢,,6层,621室,
杭州市西湖区留下镇西溪路杭州万向职业技术学院2号楼5层502室,2,杭州市,19,西湖区,267,留下镇,4,4653451,2号楼5层502室,1370,西溪路,\N,\N,4649526,杭州万向职业技术学院,4653451,2号楼5层502室,\N,\N,\N,\N,\N,\N,20220601,2,浙江省,杭州市,西湖区,留下镇,,西溪路,,杭州万向职业技术学院,,2幢,,5层,502室,
杭州市西湖区文新街道金乐社区（铁通高新）石马社区康乐新村13栋(号),2,杭州市,19,西湖区,271,文新街道,4,45680568,13栋(号),5543524,金乐社区,45680534,（铁通高新）石马社区,45680535,康乐新村,45680568,13栋(号),\N,\N,\N,\N,\N,\N,20220601,2,浙江省,杭州市,西湖区,文新街道,金乐社区石马社区,,,康乐新村,,13幢,,,,（铁通高新）（号）
杭州市西湖区文新街道金乐社区（铁通高新）石马社区康乐新村14栋(号),2,杭州市,19,西湖区,271,文新街道,4,45680541,14栋(号),5543524,金乐社区,45680534,（铁通高新）石马社区,45680535,康乐新村,45680541,14栋(号),\N,\N,\N,\N,\N,\N,20220601,2,浙江省,杭州市,西湖区,文新街道,金乐社区石马社区,,,康乐新村,,14幢,,,,（铁通高新）（号）
杭州市西湖区三墩镇紫金港北路宝嘉誉府6号楼B楼9楼906室,2,杭州市,19,西湖区,269,三墩镇,7,100398435,906室,100392431,紫金港北路,100392507,宝嘉誉府,\N,\N,100392597,6号楼,100392605,B楼,100392608,9楼,100398435,906室,20220601,2,浙江省,杭州市,西湖区,三墩镇,,紫金港北路,,宝嘉誉府,,6幢B幢,,9楼,906室,
杭州市西湖区三墩镇紫金港北路宝嘉誉府6号楼B楼9楼903室,2,杭州市,19,西湖区,269,三墩镇,7,100398432,903室,100392431,紫金港北路,100392507,宝嘉誉府,\N,\N,100392597,6号楼,100392605,B楼,100392608,9楼,100398432,903室,20220601,2,浙江省,杭州市,西湖区,三墩镇,,紫金港北路,,宝嘉誉府,,6幢B幢,,9楼,903室,
杭州市西湖区三墩镇紫金港北路宝嘉誉府6号楼B楼9楼902室,2,杭州市,19,西湖区,269,三墩镇,7,100398431,902室,100392431,紫金港北路,100392507,宝嘉誉府,\N,\N,100392597,6号楼,100392605,B楼,100392608,9楼,100398431,902室,20220601,2,浙江省,杭州市,西湖区,三墩镇,,紫金港北路,,宝嘉誉府,,6幢B幢,,9楼,902室,
杭州市西湖区西湖街道灵隐路灵溪隧道北口墙壁上,2,杭州市,19,西湖区,272,西湖街道,6,54063201,北口墙壁上,2205151,灵隐路,\N,\N,54063197,灵溪隧道,\N,\N,\N,\N,54063201,北口墙壁上,\N,\N,20220601,2,浙江省,杭州市,西湖区,西湖街道,,灵隐路,,灵溪隧道北口墙壁上,,,,,,
杭州市西湖区西湖街道灵隐路灵溪隧道中间配电房,2,杭州市,19,西湖区,272,西湖街道,6,54063200,中间配电房,2205151,灵隐路,\N,\N,54063197,灵溪隧道,\N,\N,\N,\N,54063200,中间配电房,\N,\N,20220601,2,浙江省,杭州市,西湖区,西湖街道,,灵隐路,,灵溪隧道中间配电房,,,,,,
杭州市西湖区西湖街道灵隐路灵溪隧道中南部墙壁上,2,杭州市,19,西湖区,272,西湖街道,6,54063199,中南部墙壁上,2205151,灵隐路,\N,\N,54063197,灵溪隧道,\N,\N,\N,\N,54063199,中南部墙壁上,\N,\N,20220601,2,浙江省,杭州市,西湖区,西湖街道,,灵隐路,,灵溪隧道中南部墙壁上,,,,,,
杭州市西湖区双浦镇科海路雄博机动车驾驶员培训旁边,2,杭州市,19,西湖区,270,双浦镇,7,53400925,旁边,52833682,科海路,\N,\N,53400924,雄博机动车驾驶员培训,\N,\N,\N,\N,\N,\N,53400925,旁边,20220601,2,浙江省,杭州市,西湖区,双浦镇,,科海路,,雄博机动车驾驶员培训,,,,,旁边,
杭州市西湖区转塘镇里街1号大楼1单元,2,杭州市,19,西湖区,274,转塘镇,5,45082360,1单元,45082337,里街,\N,\N,45082359,1号大楼,\N,\N,45082360,1单元,\N,\N,\N,\N,20220601,2,浙江省,杭州市,西湖区,转塘镇,,里街,,1号大楼,,,1单元,,,
杭州市西湖区西溪街道教工路78号立元电子城北楼东外墙,2,杭州市,19,西湖区,273,西溪街道,6,42140821,城北楼东外墙,2204651,教工路,42140817,78号,42140818,立元电子,\N,\N,\N,\N,42140821,城北楼东外墙,\N,\N,20220601,2,浙江省,杭州市,西湖区,西溪街道,,教工路,78号,立元电子城北楼东外墙,,,,,,
杭州市西湖区西溪街道教工路78号立元电子城北楼西外墙,2,杭州市,19,西湖区,273,西溪街道,6,42140822,城北楼西外墙,2204651,教工路,42140817,78号,42140818,立元电子,\N,\N,\N,\N,42140822,城北楼西外墙,\N,\N,20220601,2,浙江省,杭州市,西湖区,西溪街道,,教工路,78号,立元电子城北楼西外墙,,,,,,
杭州市西湖区蒋村街道西溪社区社区委员会办公大楼,2,杭州市,19,西湖区,5126,蒋村街道,4,44403760,办公大楼,44403744,西溪社区,\N,\N,44403759,社区委员会,44403760,办公大楼,\N,\N,\N,\N,\N,\N,20220601,2,浙江省,杭州市,西湖区,蒋村街道,西溪社区,,,社区委员会办公大楼,,,,,,
杭州市西湖区翠苑街道文一路工商大学（教工路）国际教育,2,杭州市,19,西湖区,263,翠苑街道,4,265477,国际教育,4862,文一路,\N,\N,4861,工商大学（教工路）,265477,国际教育,\N,\N,\N,\N,\N,\N,20220601,2,浙江省,杭州市,西湖区,翠苑街道,,文一路,,工商大学国际教育,,,,,,（教工路）
杭州市西湖区翠苑街道文三路九莲新村16幢52号2楼201室【聚集小区】,2,杭州市,19,西湖区,263,翠苑街道,7,106932357,201室【聚集小区】,678,文三路,679,九莲新村,\N,\N,101562148,16幢,101562149,52号,101562150,2楼,106932357,201室【聚集小区】,20220601,2,浙江省,杭州市,西湖区,翠苑街道,九莲新村,文三路,52号,,,16幢,,2楼,201室,【聚集小区】
杭州市西湖区翠苑街道文三路九莲新村16幢52号2楼203室【聚集小区】,2,杭州市,19,西湖区,263,翠苑街道,7,106932353,203室【聚集小区】,678,文三路,679,九莲新村,\N,\N,101562148,16幢,101562149,52号,101562150,2楼,106932353,203室【聚集小区】,20220601,2,浙江省,杭州市,西湖区,翠苑街道,九莲新村,文三路,52号,,,16幢,,2楼,203室,【聚集小区】
杭州市西湖区翠苑街道文三路九莲新村16幢52号2楼202室【聚集小区】,2,杭州市,19,西湖区,263,翠苑街道,7,106932355,202室【聚集小区】,678,文三路,679,九莲新村,\N,\N,101562148,16幢,101562149,52号,101562150,2楼,106932355,202室【聚集小区】,20220601,2,浙江省,杭州市,西湖区,翠苑街道,九莲新村,文三路,52号,,,16幢,,2楼,202室,【聚集小区】
杭州市西湖区翠苑街道文三路九莲新村16幢52号2楼202室,2,杭州市,19,西湖区,263,翠苑街道,7,101572162,202室,678,文三路,679,九莲新村,\N,\N,101562148,16幢,101562149,52号,101562150,2楼,101572162,202室,20220601,2,浙江省,杭州市,西湖区,翠苑街道,九莲新村,文三路,52号,,,16幢,,2楼,202室,
杭州市西湖区翠苑街道文三路九莲新村16幢52号2楼墙壁上,2,杭州市,19,西湖区,263,翠苑街道,7,101562151,墙壁上,678,文三路,679,九莲新村,\N,\N,101562148,16幢,101562149,52号,101562150,2楼,101562151,墙壁上,20220601,2,浙江省,杭州市,西湖区,翠苑街道,九莲新村,文三路,52号,,,16幢,,2楼,墙壁上,
杭州市西湖区翠苑街道文三路九莲新村16幢52号2楼201室,2,杭州市,19,西湖区,263,翠苑街道,7,101572161,201室,678,文三路,679,九莲新村,\N,\N,101562148,16幢,101562149,52号,101562150,2楼,101572161,201室,20220601,2,浙江省,杭州市,西湖区,翠苑街道,九莲新村,文三路,52号,,,16幢,,2楼,201室,
杭州市西湖区翠苑街道文三路九莲新村16幢52号2楼203室,2,杭州市,19,西湖区,263,翠苑街道,7,101572163,203室,678,文三路,679,九莲新村,\N,\N,101562148,16幢,101562149,52号,101562150,2楼,101572163,203室,20220601,2,浙江省,杭州市,西湖区,翠苑街道,九莲新村,文三路,52号,,,16幢,,2楼,203室,
杭州市西湖区翠苑街道翠苑一区社区（铁通高新）翠苑一区22幢1单元6层,2,杭州市,19,西湖区,263,翠苑街道,6,9751899,6层,40151,翠苑一区社区,9686560,（铁通高新）翠苑一区,\N,\N,9751613,22幢,9751635,1单元,9751899,6层,\N,\N,20220601,2,浙江省,杭州市,西湖区,翠苑街道,翠苑一区社区,,,,,22幢,1单元,6层,,（铁通高新）
杭州市西湖区翠苑街道翠苑一区社区（铁通高新）翠苑一区22幢1单元4层,2,杭州市,19,西湖区,263,翠苑街道,6,9751805,4层,40151,翠苑一区社区,9686560,（铁通高新）翠苑一区,\N,\N,9751613,22幢,9751635,1单元,9751805,4层,\N,\N,20220601,2,浙江省,杭州市,西湖区,翠苑街道,翠苑一区社区,,,,,22幢,1单元,4层,,（铁通高新）
杭州市西湖区翠苑街道翠苑一区社区（铁通高新）翠苑一区22幢1单元1层,2,杭州市,19,西湖区,263,翠苑街道,6,9751636,1层,40151,翠苑一区社区,9686560,（铁通高新）翠苑一区,\N,\N,9751613,22幢,9751635,1单元,9751636,1层,\N,\N,20220601,2,浙江省,杭州市,西湖区,翠苑街道,翠苑一区社区,,,,,22幢,1单元,1层,,（铁通高新）
杭州市西湖区翠苑街道翠苑一区社区（铁通高新）翠苑一区22幢1单元2层,2,杭州市,19,西湖区,263,翠苑街道,6,9751667,2层,40151,翠苑一区社区,9686560,（铁通高新）翠苑一区,\N,\N,9751613,22幢,9751635,1单元,9751667,2层,\N,\N,20220601,2,浙江省,杭州市,西湖区,翠苑街道,翠苑一区社区,,,,,22幢,1单元,2层,,（铁通高新）
杭州市西湖区翠苑街道翠苑一区社区（铁通高新）翠苑一区22幢1单元3层,2,杭州市,19,西湖区,263,翠苑街道,6,9751737,3层,40151,翠苑一区社区,9686560,（铁通高新）翠苑一区,\N,\N,9751613,22幢,9751635,1单元,9751737,3层,\N,\N,20220601,2,浙江省,杭州市,西湖区,翠苑街道,翠苑一区社区,,,,,22幢,1单元,3层,,（铁通高新）
杭州市西湖区翠苑街道翠苑一区社区（铁通高新）翠苑一区22幢1单元5层,2,杭州市,19,西湖区,263,翠苑街道,6,9751863,5层,40151,翠苑一区社区,9686560,（铁通高新）翠苑一区,\N,\N,9751613,22幢,9751635,1单元,9751863,5层,\N,\N,20220601,2,浙江省,杭州市,西湖区,翠苑街道,翠苑一区社区,,,,,22幢,1单元,5层,,（铁通高新）
杭州市西湖区翠苑街道翠苑一区社区（铁通高新）翠苑一区28幢1单元3层,2,杭州市,19,西湖区,263,翠苑街道,6,9745454,3层,40151,翠苑一区社区,9686560,（铁通高新）翠苑一区,\N,\N,9745358,28幢,9745360,1单元,9745454,3层,\N,\N,20220601,2,浙江省,杭州市,西湖区,翠苑街道,翠苑一区社区,,,,,28幢,1单元,3层,,（铁通高新）
杭州市西湖区翠苑街道翠苑一区社区（铁通高新）翠苑一区28幢1单元5层,2,杭州市,19,西湖区,263,翠苑街道,6,9745551,5层,40151,翠苑一区社区,9686560,（铁通高新）翠苑一区,\N,\N,9745358,28幢,9745360,1单元,9745551,5层,\N,\N,20220601,2,浙江省,杭州市,西湖区,翠苑街道,翠苑一区社区,,,,,28幢,1单元,5层,,（铁通高新）
杭州市西湖区翠苑街道翠苑一区社区（铁通高新）翠苑一区28幢1单元6层,2,杭州市,19,西湖区,263,翠苑街道,6,9745508,6层,40151,翠苑一区社区,9686560,（铁通高新）翠苑一区,\N,\N,9745358,28幢,9745360,1单元,9745508,6层,\N,\N,20220601,2,浙江省,杭州市,西湖区,翠苑街道,翠苑一区社区,,,,,28幢,1单元,6层,,（铁通高新）
杭州市西湖区翠苑街道翠苑一区社区（铁通高新）翠苑一区28幢1单元2层,2,杭州市,19,西湖区,263,翠苑街道,6,9745415,2层,40151,翠苑一区社区,9686560,（铁通高新）翠苑一区,\N,\N,9745358,28幢,9745360,1单元,9745415,2层,\N,\N,20220601,2,浙江省,杭州市,西湖区,翠苑街道,翠苑一区社区,,,,,28幢,1单元,2层,,（铁通高新）
杭州市西湖区北山街道曙光路曙光路27号小区6幢1单元2,2,杭州市,19,西湖区,262,北山街道,6,10762325,2,40798,曙光路,10272019,曙光路27号小区,\N,\N,10762320,6幢,10762321,1单元,10762325,2,\N,\N,20220601,2,浙江省,杭州市,西湖区,北山街道,,曙光路,,27号小区,,6幢,1单元,2,,
杭州市西湖区北山街道曙光路曙光路27号小区6幢1单元4,2,杭州市,19,西湖区,262,北山街道,6,10762331,4,40798,曙光路,10272019,曙光路27号小区,\N,\N,10762320,6幢,10762321,1单元,10762331,4,\N,\N,20220601,2,浙江省,杭州市,西湖区,北山街道,,曙光路,,27号小区,,6幢,1单元,4,,
杭州市西湖区北山街道曙光路曙光路27号小区6幢1单元6,2,杭州市,19,西湖区,262,北山街道,6,10762337,6,40798,曙光路,10272019,曙光路27号小区,\N,\N,10762320,6幢,10762321,1单元,10762337,6,\N,\N,20220601,2,浙江省,杭州市,西湖区,北山街道,,曙光路,,27号小区,,6幢,1单元,6,,
杭州市西湖区北山街道曙光路曙光路27号小区6幢1单元3,2,杭州市,19,西湖区,262,北山街道,6,10762328,3,40798,曙光路,10272019,曙光路27号小区,\N,\N,10762320,6幢,10762321,1单元,10762328,3,\N,\N,20220601,2,浙江省,杭州市,西湖区,北山街道,,曙光路,,27号小区,,6幢,1单元,3,,
杭州市西湖区北山街道曙光路曙光路27号小区6幢1单元1,2,杭州市,19,西湖区,262,北山街道,6,10762322,1,40798,曙光路,10272019,曙光路27号小区,\N,\N,10762320,6幢,10762321,1单元,10762322,1,\N,\N,20220601,2,浙江省,杭州市,西湖区,北山街道,,曙光路,,27号小区,,6幢,1单元,1,,
杭州市西湖区北山街道曙光路曙光路27号小区6幢1单元5,2,杭州市,19,西湖区,262,北山街道,6,10762334,5,40798,曙光路,10272019,曙光路27号小区,\N,\N,10762320,6幢,10762321,1单元,10762334,5,\N,\N,20220601,2,浙江省,杭州市,西湖区,北山街道,,曙光路,,27号小区,,6幢,1单元,5,,
杭州市西湖区西湖街道满觉陇路三台山社区南154号(未覆盖）,2,杭州市,19,西湖区,272,西湖街道,7,53745687,154号(未覆盖）,2205346,满觉陇路,53743563,三台山社区,53743569,南,\N,\N,\N,\N,\N,\N,53745687,154号(未覆盖）,20220601,2,浙江省,杭州市,西湖区,西湖街道,三台山社区,满觉陇路,,,,154号,,,,（未覆盖）南
杭州市西湖区西湖街道满觉陇路三台山社区南59号(未覆盖）,2,杭州市,19,西湖区,272,西湖街道,7,53743970,59号(未覆盖）,2205346,满觉陇路,53743563,三台山社区,53743569,南,\N,\N,\N,\N,\N,\N,53743970,59号(未覆盖）,20220601,2,浙江省,杭州市,西湖区,西湖街道,三台山社区,满觉陇路,,,,59号,,,,（未覆盖）南
杭州市西湖区西湖街道满觉陇路三台山社区南303号(未覆盖）,2,杭州市,19,西湖区,272,西湖街道,7,53744515,303号(未覆盖）,2205346,满觉陇路,53743563,三台山社区,53743569,南,\N,\N,\N,\N,\N,\N,53744515,303号(未覆盖）,20220601,2,浙江省,杭州市,西湖区,西湖街道,三台山社区,满觉陇路,,,,303号,,,,（未覆盖）南
杭州市西湖区西湖街道满觉陇路三台山社区南63号(未覆盖）,2,杭州市,19,西湖区,272,西湖街道,7,53743930,63号(未覆盖）,2205346,满觉陇路,53743563,三台山社区,53743569,南,\N,\N,\N,\N,\N,\N,53743930,63号(未覆盖）,20220601,2,浙江省,杭州市,西湖区,西湖街道,三台山社区,满觉陇路,,,,63号,,,,（未覆盖）南
杭州市西湖区西湖街道满觉陇路三台山社区南9号(未覆盖）,2,杭州市,19,西湖区,272,西湖街道,7,53743570,9号(未覆盖）,2205346,满觉陇路,53743563,三台山社区,53743569,南,\N,\N,\N,\N,\N,\N,53743570,9号(未覆盖）,20220601,2,浙江省,杭州市,西湖区,西湖街道,三台山社区,满觉陇路,,,,9号,,,,（未覆盖）南
杭州市西湖区西湖街道满觉陇路三台山社区南227号(未覆盖）,2,杭州市,19,西湖区,272,西湖街道,7,53745324,227号(未覆盖）,2205346,满觉陇路,53743563,三台山社区,53743569,南,\N,\N,\N,\N,\N,\N,53745324,227号(未覆盖）,20220601,2,浙江省,杭州市,西湖区,西湖街道,三台山社区,满觉陇路,,,,227号,,,,（未覆盖）南
杭州市西湖区西湖街道满觉陇路三台山社区南82号(未覆盖）,2,杭州市,19,西湖区,272,西湖街道,7,53743736,82号(未覆盖）,2205346,满觉陇路,53743563,三台山社区,53743569,南,\N,\N,\N,\N,\N,\N,53743736,82号(未覆盖）,20220601,2,浙江省,杭州市,西湖区,西湖街道,三台山社区,满觉陇路,,,,82号,,,,（未覆盖）南
杭州市西湖区西湖街道满觉陇路三台山社区南84号(未覆盖）,2,杭州市,19,西湖区,272,西湖街道,7,53743727,84号(未覆盖）,2205346,满觉陇路,53743563,三台山社区,53743569,南,\N,\N,\N,\N,\N,\N,53743727,84号(未覆盖）,20220601,2,浙江省,杭州市,西湖区,西湖街道,三台山社区,满觉陇路,,,,84号,,,,（未覆盖）南
杭州市西湖区西湖街道满觉陇路三台山社区南312号(未覆盖）,2,杭州市,19,西湖区,272,西湖街道,7,53744436,312号(未覆盖）,2205346,满觉陇路,53743563,三台山社区,53743569,南,\N,\N,\N,\N,\N,\N,53744436,312号(未覆盖）,20220601,2,浙江省,杭州市,西湖区,西湖街道,三台山社区,满觉陇路,,,,312号,,,,（未覆盖）南
杭州市西湖区西湖街道满觉陇路三台山社区南30号(未覆盖）,2,杭州市,19,西湖区,272,西湖街道,7,53744443,30号(未覆盖）,2205346,满觉陇路,53743563,三台山社区,53743569,南,\N,\N,\N,\N,\N,\N,53744443,30号(未覆盖）,20220601,2,浙江省,杭州市,西湖区,西湖街道,三台山社区,满觉陇路,,,,30号,,,,（未覆盖）南
杭州市西湖区西湖街道满觉陇路三台山社区南328号(未覆盖）,2,杭州市,19,西湖区,272,西湖街道,7,53744358,328号(未覆盖）,2205346,满觉陇路,53743563,三台山社区,53743569,南,\N,\N,\N,\N,\N,\N,53744358,328号(未覆盖）,20220601,2,浙江省,杭州市,西湖区,西湖街道,三台山社区,满觉陇路,,,,328号,,,,（未覆盖）南
杭州市西湖区西湖街道满觉陇路三台山社区南54号(未覆盖）,2,杭州市,19,西湖区,272,西湖街道,7,53744009,54号(未覆盖）,2205346,满觉陇路,53743563,三台山社区,53743569,南,\N,\N,\N,\N,\N,\N,53744009,54号(未覆盖）,20220601,2,浙江省,杭州市,西湖区,西湖街道,三台山社区,满觉陇路,,,,54号,,,,（未覆盖）南
杭州市西湖区西湖街道满觉陇路三台山社区南65号(未覆盖）,2,杭州市,19,西湖区,272,西湖街道,7,53743913,65号(未覆盖）,2205346,满觉陇路,53743563,三台山社区,53743569,南,\N,\N,\N,\N,\N,\N,53743913,65号(未覆盖）,20220601,2,浙江省,杭州市,西湖区,西湖街道,三台山社区,满觉陇路,,,,65号,,,,（未覆盖）南
杭州市西湖区西湖街道满觉陇路三台山社区南154号(未覆盖）,2,杭州市,19,西湖区,272,西湖街道,7,53745687,154号(未覆盖）,2205346,满觉陇路,53743563,三台山社区,53743569,南,\N,\N,\N,\N,\N,\N,53745687,154号(未覆盖）,20220601,2,浙江省,杭州市,西湖区,西湖街道,三台山社区,满觉陇路,,,,154号,,,,（未覆盖）南
杭州市西湖区西湖街道满觉陇路三台山社区南59号(未覆盖）,2,杭州市,19,西湖区,272,西湖街道,7,53743970,59号(未覆盖）,2205346,满觉陇路,53743563,三台山社区,53743569,南,\N,\N,\N,\N,\N,\N,53743970,59号(未覆盖）,20220601,2,浙江省,杭州市,西湖区,西湖街道,三台山社区,满觉陇路,,,,59号,,,,（未覆盖）南
杭州市西湖区转塘镇镇南路凤凰大厦4幢B3楼,2,杭州市,19,西湖区,274,转塘镇,6,40650579,3楼,53800200,镇南路,40650530,凤凰大厦,\N,\N,40650574,4幢,40650575,B,40650579,3楼,\N,\N,20220601,2,浙江省,杭州市,西湖区,转塘镇,,镇南路,,凤凰大厦,,4幢,B,3楼,,
杭州市西湖区转塘镇镇南路凤凰大厦4幢B4楼,2,杭州市,19,西湖区,274,转塘镇,6,40650580,4楼,53800200,镇南路,40650530,凤凰大厦,\N,\N,40650574,4幢,40650575,B楼,40650580,3楼,\N,\N,20220601,2,浙江省,杭州市,西湖区,转塘镇,,镇南路,,凤凰大厦,,4幢B幢,,3楼,,
杭州市西湖区西溪街道文一路222号杭州师范大学钱江学院教学区2号3号5号教学楼,2,杭州市,19,西湖区,273,西溪街道,4,15251022,2号3号5号教学楼,2204607,文一路,15208046,222号,15251021,杭州师范大学钱江学院教学区,15251022,2号3号5号教学楼,\N,\N,\N,\N,\N,\N,20220601,2,浙江省,杭州市,西湖区,西溪街道,,文一路,222号,杭州师范大学钱江学院教学区2号3号5号教学楼,,,,,,
杭州市西湖区留下镇留和路288号浙江大屏峰校区机械学院2#楼AB区北3F,2,杭州市,19,西湖区,267,留下镇,6,98904904,3F,1455,留和路,11560025,288号,98904893,浙江大屏峰校区机械学院,\N,\N,98904903,2#楼AB区北,98904904,3F,\N,\N,20220601,2,浙江省,杭州市,西湖区,留下镇,,留和路,288号,浙江大屏峰校区机械学院,,2幢,,3层,,AB区北
杭州市西湖区古荡街道文三路379号杭州西湖省人民检察院办公大楼,2,杭州市,19,西湖区,264,古荡街道,7,124860829,办公大楼,2204987,文三路,34475953,379号,124860827,杭州西湖省人民检察院,\N,\N,\N,\N,\N,\N,124860829,办公大楼,20220601,2,浙江省,杭州市,西湖区,古荡街道,,文三路,379号,杭州西湖省人民检察院办公大楼,,,,,,
杭州市西湖区双浦镇三阳村GFX53东面1号,2,杭州市,19,西湖区,270,双浦镇,4,24167832,东面1号,18106167,三阳村,\N,\N,24167828,GFX53,24167832,东面1号,\N,\N,\N,\N,\N,\N,20220601,2,浙江省,杭州市,西湖区,双浦镇,三阳村,,,GFX53东面,,1号,,,,东面
杭州市西湖区双浦镇三阳村GFX52西面4号,2,杭州市,19,西湖区,270,双浦镇,4,24167784,西面4号,18106167,三阳村,\N,\N,24167738,GFX52,24167784,西面4号,\N,\N,\N,\N,\N,\N,20220601,2,浙江省,杭州市,西湖区,双浦镇,三阳村,,,GFX52西面,,4号,,,,西面
杭州市西湖区双浦镇三阳村GFX52西面3号,2,杭州市,19,西湖区,270,双浦镇,4,24167773,西面3号,18106167,三阳村,\N,\N,24167738,GFX52,24167773,西面3号,\N,\N,\N,\N,\N,\N,20220601,2,浙江省,杭州市,西湖区,双浦镇,三阳村,,,GFX52西面,,3号,,,,西面
杭州市西湖区双浦镇三阳村GFX52西面2号,2,杭州市,19,西湖区,270,双浦镇,4,24167755,西面2号,18106167,三阳村,\N,\N,24167738,GFX52,24167755,西面2号,\N,\N,\N,\N,\N,\N,20220601,2,浙江省,杭州市,西湖区,双浦镇,三阳村,,,GFX52西面,,2号,,,,西面
杭州市西湖区转塘镇横埭街社区横埭街村65号65号,2,杭州市,19,西湖区,274,转塘镇,4,20207005,65号,92194194,横埭街社区,\N,\N,20207004,横埭街村65号,20207005,65号,\N,\N,\N,\N,\N,\N,20220601,2,浙江省,杭州市,西湖区,转塘镇,横埭街社区,,,横埭街村,,65号65号,,,,
杭州市西湖区转塘镇横埭街社区横埭街村55号55号,2,杭州市,19,西湖区,274,转塘镇,4,20206975,55号,92194194,横埭街社区,\N,\N,20206974,横埭街村55号,20206975,55号,\N,\N,\N,\N,\N,\N,20220601,2,浙江省,杭州市,西湖区,转塘镇,横埭街社区,,,横埭街村,,55号55号,,,,
杭州市西湖区留下镇西溪路976号天堂宿舍1幢西,2,杭州市,19,西湖区,267,留下镇,4,44393284,1幢西,1370,西溪路,44393282,976号,44393283,天堂宿舍,44393284,1幢西,\N,\N,\N,\N,\N,\N,20220601,2,浙江省,杭州市,西湖区,留下镇,,西溪路,976号,天堂宿舍,,1幢,,,,西
杭州市西湖区留下镇西溪路976号天堂宿舍1幢东,2,杭州市,19,西湖区,267,留下镇,4,44393430,1幢东,1370,西溪路,44393282,976号,44393283,天堂宿舍,44393430,1幢东,\N,\N,\N,\N,\N,\N,20220601,2,浙江省,杭州市,西湖区,留下镇,,西溪路,976号,天堂宿舍,,1幢,,,,东
杭州市西湖区留下镇西溪路976号天堂宿舍2幢西,2,杭州市,19,西湖区,267,留下镇,4,44393427,2幢西,1370,西溪路,44393282,976号,44393283,天堂宿舍,44393427,2幢西,\N,\N,\N,\N,\N,\N,20220601,2,浙江省,杭州市,西湖区,留下镇,,西溪路,976号,天堂宿舍,,2幢,,,,西
杭州市西湖区留下镇西溪路976号天堂宿舍2幢东,2,杭州市,19,西湖区,267,留下镇,4,44393433,2幢东,1370,西溪路,44393282,976号,44393283,天堂宿舍,44393433,2幢东,\N,\N,\N,\N,\N,\N,20220601,2,浙江省,杭州市,西湖区,留下镇,,西溪路,976号,天堂宿舍,,2幢,,,,东
杭州市西湖区转塘镇南村社区南村浮山二区2号浮山二区2号,2,杭州市,19,西湖区,274,转塘镇,4,20206759,浮山二区2号,92193968,南村社区,\N,\N,20206758,南村浮山二区2号,20206759,浮山二区2号,\N,\N,\N,\N,\N,\N,20220601,2,浙江省,杭州市,西湖区,转塘镇,南村社区,,,南村浮山,2区,2号2号,,,,浮山
杭州市西湖区三墩镇厚诚桥社区厚诚桥五里塘双港路65号,2,杭州市,19,西湖区,269,三墩镇,4,124982247,65号,92336133,厚诚桥社区,125259650,厚诚桥,124982246,五里塘双港路,124982247,65号,\N,\N,\N,\N,\N,\N,20220601,2,浙江省,杭州市,西湖区,三墩镇,厚诚桥社区,五里塘双港路,,厚诚桥五里塘双港路,,65号,,,,
杭州市西湖区转塘镇里街转塘农贸市场60号,2,杭州市,19,西湖区,274,转塘镇,4,45204134,60号,45082337,里街,\N,\N,45204132,转塘农贸市场,45204134,60号,\N,\N,\N,\N,\N,\N,20220601,2,浙江省,杭州市,西湖区,转塘镇,,里街,,转塘农贸市场,,,,,60号,
杭州市西湖区转塘镇里街转塘农贸市场61号,2,杭州市,19,西湖区,274,转塘镇,4,45204135,61号,45082337,里街,\N,\N,45204132,转塘农贸市场,45204135,61号,\N,\N,\N,\N,\N,\N,20220601,2,浙江省,杭州市,西湖区,转塘镇,,里街,,转塘农贸市场,,,,,61号,
杭州市西湖区转塘镇里街转塘农贸市场63号,2,杭州市,19,西湖区,274,转塘镇,4,45204137,63号,45082337,里街,\N,\N,45204132,转塘农贸市场,45204137,63号,\N,\N,\N,\N,\N,\N,20220601,2,浙江省,杭州市,西湖区,转塘镇,,里街,,转塘农贸市场,,,,,63号,
杭州市西湖区转塘镇里街转塘农贸市场62号,2,杭州市,19,西湖区,274,转塘镇,4,45204136,62号,45082337,里街,\N,\N,45204132,转塘农贸市场,45204136,62号,\N,\N,\N,\N,\N,\N,20220601,2,浙江省,杭州市,西湖区,转塘镇,,里街,,转塘农贸市场,,,,,62号,
杭州市西湖区转塘镇里街转塘农贸市场64号,2,杭州市,19,西湖区,274,转塘镇,4,45204138,64号,45082337,里街,\N,\N,45204132,转塘农贸市场,45204138,64号,\N,\N,\N,\N,\N,\N,20220601,2,浙江省,杭州市,西湖区,转塘镇,,里街,,转塘农贸市场,,,,,64号,
杭州市西湖区灵隐街道东山弄里东山弄8幢2单元101【聚集小区】,2,杭州市,19,西湖区,266,灵隐街道,7,106906563,101【聚集小区】,99775852,东山弄,100146583,里东山弄,\N,\N,100146668,8幢,100146671,2单元,\N,\N,106906563,101【聚集小区】,20220601,2,浙江省,杭州市,西湖区,灵隐街道,,东山弄里东山弄,,,,8幢,2单元,,101,【聚集小区】
杭州市西湖区北山街道沿山河社区沿山河新村22号楼2幢,2,杭州市,19,西湖区,262,北山街道,4,54984929,2幢,88806971,沿山河社区,54984883,沿山河新村,54984884,22号楼,54984929,2幢,\N,\N,\N,\N,\N,\N,20220601,2,浙江省,杭州市,西湖区,北山街道,沿山河社区,,,沿山河新村,,22幢2幢,,,,
杭州市西湖区北山街道沿山河社区沿山河新村22号楼1幢,2,杭州市,19,西湖区,262,北山街道,4,54984885,1幢,88806971,沿山河社区,54984883,沿山河新村,54984884,22号楼,54984885,1幢,\N,\N,\N,\N,\N,\N,20220601,2,浙江省,杭州市,西湖区,北山街道,沿山河社区,,,沿山河新村,,22幢1幢,,,,
杭州市西湖区西溪街道保m路沿山河新村35号9幢,2,杭州市,19,西湖区,273,西溪街道,4,54981798,9幢,2204619,保m路,33568185,沿山河新村,54981797,35号,54981798,9幢,\N,\N,\N,\N,\N,\N,20220601,2,浙江省,杭州市,西湖区,西溪街道,沿山河新村,保m路,35号,,,9幢,,,,
杭州市西湖区西溪街道保m路沿山河新村34号9幢,2,杭州市,19,西湖区,273,西溪街道,4,54981711,9幢,2204619,保m路,33568185,沿山河新村,54981710,34号,54981711,9幢,\N,\N,\N,\N,\N,\N,20220601,2,浙江省,杭州市,西湖区,西溪街道,沿山河新村,保m路,34号,,,9幢,,,,
杭州市西湖区西湖街道灵隐路灵溪隧道北口墙壁上,2,杭州市,19,西湖区,272,西湖街道,6,54063201,北口墙壁上,2205151,灵隐路,\N,\N,54063197,灵溪隧道,\N,\N,\N,\N,54063201,北口墙壁上,\N,\N,20220601,2,浙江省,杭州市,西湖区,西湖街道,,灵隐路,,灵溪隧道北口墙壁上,,,,,,
杭州市西湖区西湖街道灵隐路灵溪隧道中间配电房,2,杭州市,19,西湖区,272,西湖街道,6,54063200,中间配电房,2205151,灵隐路,\N,\N,54063197,灵溪隧道,\N,\N,\N,\N,54063200,中间配电房,\N,\N,20220601,2,浙江省,杭州市,西湖区,西湖街道,,灵隐路,,灵溪隧道中间配电房,,,,,,
杭州市西湖区西湖街道灵隐路灵溪隧道中南部墙壁上,2,杭州市,19,西湖区,272,西湖街道,6,54063199,中南部墙壁上,2205151,灵隐路,\N,\N,54063197,灵溪隧道,\N,\N,\N,\N,54063199,中南部墙壁上,\N,\N,20220601,2,浙江省,杭州市,西湖区,西湖街道,,灵隐路,,灵溪隧道中南部墙壁上,,,,,,
杭州市西湖区西湖街道灵隐路灵溪隧道南口墙壁上,2,杭州市,19,西湖区,272,西湖街道,6,54063198,南口墙壁上,2205151,灵隐路,\N,\N,54063197,灵溪隧道,\N,\N,\N,\N,54063198,南口墙壁上,\N,\N,20220601,2,浙江省,杭州市,西湖区,西湖街道,,灵隐路,,灵溪隧道南口墙壁上,,,,,,
杭州市西湖区转塘镇之江路梦湖山庄梦湖三路48号(未覆盖）,2,杭州市,19,西湖区,274,转塘镇,7,53802245,48号(未覆盖）,1545,之江路,53802033,梦湖山庄,53802180,梦湖三路,\N,\N,\N,\N,\N,\N,53802245,48号(未覆盖）,20220601,2,浙江省,杭州市,西湖区,转塘镇,,之江路,,梦湖山庄梦湖三路,,48号,,,,（未覆盖）
杭州市西湖区转塘镇之江路梦湖山庄梦湖三路47号(未覆盖）,2,杭州市,19,西湖区,274,转塘镇,7,53802268,47号(未覆盖）,1545,之江路,53802033,梦湖山庄,53802180,梦湖三路,\N,\N,\N,\N,\N,\N,53802268,47号(未覆盖）,20220601,2,浙江省,杭州市,西湖区,转塘镇,,之江路,,梦湖山庄梦湖三路,,47号,,,,（未覆盖）
杭州市西湖区转塘镇之江路梦湖山庄梦湖三路61号(未覆盖）,2,杭州市,19,西湖区,274,转塘镇,7,53802184,61号(未覆盖）,1545,之江路,53802033,梦湖山庄,53802180,梦湖三路,\N,\N,\N,\N,\N,\N,53802184,61号(未覆盖）,20220601,2,浙江省,杭州市,西湖区,转塘镇,,之江路,,梦湖山庄梦湖三路,,61号,,,,（未覆盖）
杭州市西湖区转塘镇之江路梦湖山庄梦湖三路62号(未覆盖）,2,杭州市,19,西湖区,274,转塘镇,7,53802181,62号(未覆盖）,1545,之江路,53802033,梦湖山庄,53802180,梦湖三路,\N,\N,\N,\N,\N,\N,53802181,62号(未覆盖）,20220601,2,浙江省,杭州市,西湖区,转塘镇,,之江路,,梦湖山庄梦湖三路,,62号,,,,（未覆盖）
杭州市西湖区转塘镇之江路梦湖山庄梦湖三路51号(未覆盖）,2,杭州市,19,西湖区,274,转塘镇,7,53802235,51号(未覆盖）,1545,之江路,53802033,梦湖山庄,53802180,梦湖三路,\N,\N,\N,\N,\N,\N,53802235,51号(未覆盖）,20220601,2,浙江省,杭州市,西湖区,转塘镇,,之江路,,梦湖山庄梦湖三路,,51号,,,,（未覆盖）
杭州市西湖区转塘镇之江路梦湖山庄梦湖三路58号(未覆盖）,2,杭州市,19,西湖区,274,转塘镇,7,53802212,58号(未覆盖）,1545,之江路,53802033,梦湖山庄,53802180,梦湖三路,\N,\N,\N,\N,\N,\N,53802212,58号(未覆盖）,20220601,2,浙江省,杭州市,西湖区,转塘镇,,之江路,,梦湖山庄梦湖三路,,58号,,,,（未覆盖）
杭州市西湖区转塘镇之江路梦湖山庄梦湖三路55号(未覆盖）,2,杭州市,19,西湖区,274,转塘镇,7,53802227,55号(未覆盖）,1545,之江路,53802033,梦湖山庄,53802180,梦湖三路,\N,\N,\N,\N,\N,\N,53802227,55号(未覆盖）,20220601,2,浙江省,杭州市,西湖区,转塘镇,,之江路,,梦湖山庄梦湖三路,,55号,,,,（未覆盖）
杭州市西湖区转塘镇之江路梦湖山庄梦湖三路60号(未覆盖）,2,杭州市,19,西湖区,274,转塘镇,7,53802206,60号(未覆盖）,1545,之江路,53802033,梦湖山庄,53802180,梦湖三路,\N,\N,\N,\N,\N,\N,53802206,60号(未覆盖）,20220601,2,浙江省,杭州市,西湖区,转塘镇,,之江路,,梦湖山庄梦湖三路,,60号,,,,（未覆盖）
杭州市西湖区转塘镇之江路梦湖山庄梦湖三路59号(未覆盖）,2,杭州市,19,西湖区,274,转塘镇,7,53802210,59号(未覆盖）,1545,之江路,53802033,梦湖山庄,53802180,梦湖三路,\N,\N,\N,\N,\N,\N,53802210,59号(未覆盖）,20220601,2,浙江省,杭州市,西湖区,转塘镇,,之江路,,梦湖山庄梦湖三路,,59号,,,,（未覆盖）
杭州市西湖区转塘镇之江路梦湖山庄梦湖三路52号(未覆盖）,2,杭州市,19,西湖区,274,转塘镇,7,53802233,52号(未覆盖）,1545,之江路,53802033,梦湖山庄,53802180,梦湖三路,\N,\N,\N,\N,\N,\N,53802233,52号(未覆盖）,20220601,2,浙江省,杭州市,西湖区,转塘镇,,之江路,,梦湖山庄梦湖三路,,52号,,,,（未覆盖）
杭州市西湖区转塘镇之江路梦湖山庄梦湖三路46号(未覆盖）,2,杭州市,19,西湖区,274,转塘镇,7,53802271,46号(未覆盖）,1545,之江路,53802033,梦湖山庄,53802180,梦湖三路,\N,\N,\N,\N,\N,\N,53802271,46号(未覆盖）,20220601,2,浙江省,杭州市,西湖区,转塘镇,,之江路,,梦湖山庄梦湖三路,,46号,,,,（未覆盖）
杭州市西湖区转塘镇之江路梦湖山庄梦湖三路53号(未覆盖）,2,杭州市,19,西湖区,274,转塘镇,7,53802231,53号(未覆盖）,1545,之江路,53802033,梦湖山庄,53802180,梦湖三路,\N,\N,\N,\N,\N,\N,53802231,53号(未覆盖）,20220601,2,浙江省,杭州市,西湖区,转塘镇,,之江路,,梦湖山庄梦湖三路,,53号,,,,（未覆盖）
杭州市西湖区转塘镇之江路梦湖山庄梦湖三路54号(未覆盖）,2,杭州市,19,西湖区,274,转塘镇,7,53802228,54号(未覆盖）,1545,之江路,53802033,梦湖山庄,53802180,梦湖三路,\N,\N,\N,\N,\N,\N,53802228,54号(未覆盖）,20220601,2,浙江省,杭州市,西湖区,转塘镇,,之江路,,梦湖山庄梦湖三路,,54号,,,,（未覆盖）
杭州市西湖区转塘镇之江路梦湖山庄梦湖三路56号(未覆盖）,2,杭州市,19,西湖区,274,转塘镇,7,53802205,56号(未覆盖）,1545,之江路,53802033,梦湖山庄,53802180,梦湖三路,\N,\N,\N,\N,\N,\N,53802205,56号(未覆盖）,20220601,2,浙江省,杭州市,西湖区,转塘镇,,之江路,,梦湖山庄梦湖三路,,56号,,,,（未覆盖）
杭州市西湖区转塘镇之江路梦湖山庄梦湖三路50号(未覆盖）,2,杭州市,19,西湖区,274,转塘镇,7,53802237,50号(未覆盖）,1545,之江路,53802033,梦湖山庄,53802180,梦湖三路,\N,\N,\N,\N,\N,\N,53802237,50号(未覆盖）,20220601,2,浙江省,杭州市,西湖区,转塘镇,,之江路,,梦湖山庄梦湖三路,,50号,,,,（未覆盖）
杭州市西湖区转塘镇之江路梦湖山庄梦湖三路57号(未覆盖）,2,杭州市,19,西湖区,274,转塘镇,7,53802203,57号(未覆盖）,1545,之江路,53802033,梦湖山庄,53802180,梦湖三路,\N,\N,\N,\N,\N,\N,53802203,57号(未覆盖）,20220601,2,浙江省,杭州市,西湖区,转塘镇,,之江路,,梦湖山庄梦湖三路,,57号,,,,（未覆盖）
杭州市西湖区转塘镇之江路梦湖山庄梦湖三路49号(未覆盖）,2,杭州市,19,西湖区,274,转塘镇,7,53802240,49号(未覆盖）,1545,之江路,53802033,梦湖山庄,53802180,梦湖三路,\N,\N,\N,\N,\N,\N,53802240,49号(未覆盖）,20220601,2,浙江省,杭州市,西湖区,转塘镇,,之江路,,梦湖山庄梦湖三路,,49号,,,,（未覆盖）
杭州市西湖区转塘镇之江路云栖蝶谷公寓2幢,2,杭州市,19,西湖区,274,转塘镇,4,53791022,2幢,1545,之江路,53790962,云栖蝶谷,53790963,公寓,53791022,2幢,\N,\N,\N,\N,\N,\N,20220601,2,浙江省,杭州市,西湖区,转塘镇,,之江路,,云栖蝶谷公寓,,2幢,,,,
杭州市西湖区转塘镇之江路云栖蝶谷公寓3幢,2,杭州市,19,西湖区,274,转塘镇,4,53791036,3幢,1545,之江路,53790962,云栖蝶谷,53790963,公寓,53791036,3幢,\N,\N,\N,\N,\N,\N,20220601,2,浙江省,杭州市,西湖区,转塘镇,,之江路,,云栖蝶谷公寓,,3幢,,,,
杭州市西湖区转塘镇之江路云栖蝶谷公寓1幢,2,杭州市,19,西湖区,274,转塘镇,4,53790964,1幢,1545,之江路,53790962,云栖蝶谷,53790963,公寓,53790964,1幢,\N,\N,\N,\N,\N,\N,20220601,2,浙江省,杭州市,西湖区,转塘镇,,之江路,,云栖蝶谷公寓,,1幢,,,,
杭州市西湖区转塘镇之江路云栖蝶谷公寓5幢,2,杭州市,19,西湖区,274,转塘镇,4,53791049,5幢,1545,之江路,53790962,云栖蝶谷,53790963,公寓,53791049,5幢,\N,\N,\N,\N,\N,\N,20220601,2,浙江省,杭州市,西湖区,转塘镇,,之江路,,云栖蝶谷公寓,,5幢,,,,
杭州市西湖区转塘镇之江路云栖蝶谷公寓4幢,2,杭州市,19,西湖区,274,转塘镇,4,53791152,4幢,1545,之江路,53790962,云栖蝶谷,53790963,公寓,53791152,4幢,\N,\N,\N,\N,\N,\N,20220601,2,浙江省,杭州市,西湖区,转塘镇,,之江路,,云栖蝶谷公寓,,4幢,,,,
杭州市西湖区转塘镇杭新路九溪玫瑰园东D24幢,2,杭州市,19,西湖区,274,转塘镇,4,53777318,D24幢,137734,杭新路,53776108,九溪玫瑰园,53776743,东,53777318,D24幢,\N,\N,\N,\N,\N,\N,20220601,2,浙江省,杭州市,西湖区,转塘镇,,杭新路,,九溪玫瑰园东,,D24幢,,,,
杭州市西湖区转塘镇杭新路九溪玫瑰园东C35幢,2,杭州市,19,西湖区,274,转塘镇,4,53777131,C35幢,137734,杭新路,53776108,九溪玫瑰园,53776743,东,53777131,C35幢,\N,\N,\N,\N,\N,\N,20220601,2,浙江省,杭州市,西湖区,转塘镇,,杭新路,,九溪玫瑰园东,,C35幢,,,,
杭州市西湖区转塘镇杭新路九溪玫瑰园东C12幢,2,杭州市,19,西湖区,274,转塘镇,4,53776998,C12幢,137734,杭新路,53776108,九溪玫瑰园,53776743,东,53776998,C12幢,\N,\N,\N,\N,\N,\N,20220601,2,浙江省,杭州市,西湖区,转塘镇,,杭新路,,九溪玫瑰园东,,C12幢,,,,
杭州市西湖区转塘镇杭新路九溪玫瑰园东B24幢,2,杭州市,19,西湖区,274,转塘镇,4,53776905,B24幢,137734,杭新路,53776108,九溪玫瑰园,53776743,东,53776905,B24幢,\N,\N,\N,\N,\N,\N,20220601,2,浙江省,杭州市,西湖区,转塘镇,,杭新路,,九溪玫瑰园东,,B24幢,,,,
杭州市西湖区转塘镇杭新路九溪玫瑰园东A5幢,2,杭州市,19,西湖区,274,转塘镇,4,53776804,A5幢,137734,杭新路,53776108,九溪玫瑰园,53776743,东,53776804,A5幢,\N,\N,\N,\N,\N,\N,20220601,2,浙江省,杭州市,西湖区,转塘镇,,杭新路,,九溪玫瑰园东,,A5幢,,,,
杭州市西湖区转塘镇杭新路九溪玫瑰园东B6幢,2,杭州市,19,西湖区,274,转塘镇,4,53776986,B6幢,137734,杭新路,53776108,九溪玫瑰园,53776743,东,53776986,B6幢,\N,\N,\N,\N,\N,\N,20220601,2,浙江省,杭州市,西湖区,转塘镇,,杭新路,,九溪玫瑰园东,,B6幢,,,,
杭州市西湖区转塘镇杭新路九溪玫瑰园东C45幢,2,杭州市,19,西湖区,274,转塘镇,4,53777200,C45幢,137734,杭新路,53776108,九溪玫瑰园,53776743,东,53777200,C45幢,\N,\N,\N,\N,\N,\N,20220601,2,浙江省,杭州市,西湖区,转塘镇,,杭新路,,九溪玫瑰园东,,C45幢,,,,
杭州市西湖区转塘镇杭新路九溪玫瑰园东C2幢,2,杭州市,19,西湖区,274,转塘镇,4,53777107,C2幢,137734,杭新路,53776108,九溪玫瑰园,53776743,东,53777107,C2幢,\N,\N,\N,\N,\N,\N,20220601,2,浙江省,杭州市,西湖区,转塘镇,,杭新路,,九溪玫瑰园东,,C2幢,,,,
杭州市西湖区转塘镇杭新路九溪玫瑰园东C15幢,2,杭州市,19,西湖区,274,转塘镇,4,53777004,C15幢,137734,杭新路,53776108,九溪玫瑰园,53776743,东,53777004,C15幢,\N,\N,\N,\N,\N,\N,20220601,2,浙江省,杭州市,西湖区,转塘镇,,杭新路,,九溪玫瑰园东,,C15幢,,,,
杭州市西湖区转塘镇杭新路九溪玫瑰园东D17幢,2,杭州市,19,西湖区,274,转塘镇,4,53777301,D17幢,137734,杭新路,53776108,九溪玫瑰园,53776743,东,53777301,D17幢,\N,\N,\N,\N,\N,\N,20220601,2,浙江省,杭州市,西湖区,转塘镇,,杭新路,,九溪玫瑰园东,,D17幢,,,,
杭州市西湖区转塘镇杭新路九溪玫瑰园东B15幢,2,杭州市,19,西湖区,274,转塘镇,4,53776855,B15幢,137734,杭新路,53776108,九溪玫瑰园,53776743,东,53776855,B15幢,\N,\N,\N,\N,\N,\N,20220601,2,浙江省,杭州市,西湖区,转塘镇,,杭新路,,九溪玫瑰园东,,B15幢,,,,
杭州市西湖区转塘镇杭新路九溪玫瑰园东C29幢,2,杭州市,19,西湖区,274,转塘镇,4,53777103,C29幢,137734,杭新路,53776108,九溪玫瑰园,53776743,东,53777103,C29幢,\N,\N,\N,\N,\N,\N,20220601,2,浙江省,杭州市,西湖区,转塘镇,,杭新路,,九溪玫瑰园东,,C29幢,,,,
杭州市西湖区转塘镇杭新路九溪玫瑰园东D12幢,2,杭州市,19,西湖区,274,转塘镇,4,53777282,D12幢,137734,杭新路,53776108,九溪玫瑰园,53776743,东,53777282,D12幢,\N,\N,\N,\N,\N,\N,20220601,2,浙江省,杭州市,西湖区,转塘镇,,杭新路,,九溪玫瑰园东,,D12幢,,,,
杭州市西湖区转塘镇杭新路九溪玫瑰园东B9幢,2,杭州市,19,西湖区,274,转塘镇,4,53776992,B9幢,137734,杭新路,53776108,九溪玫瑰园,53776743,东,53776992,B9幢,\N,\N,\N,\N,\N,\N,20220601,2,浙江省,杭州市,西湖区,转塘镇,,杭新路,,九溪玫瑰园东,,B9幢,,,,
杭州市西湖区转塘镇杭新路九溪玫瑰园东B26幢,2,杭州市,19,西湖区,274,转塘镇,4,53776913,B26幢,137734,杭新路,53776108,九溪玫瑰园,53776743,东,53776913,B26幢,\N,\N,\N,\N,\N,\N,20220601,2,浙江省,杭州市,西湖区,转塘镇,,杭新路,,九溪玫瑰园东,,B26幢,,,,
杭州市西湖区转塘镇杭新路九溪玫瑰园东C39幢,2,杭州市,19,西湖区,274,转塘镇,4,53777169,C39幢,137734,杭新路,53776108,九溪玫瑰园,53776743,东,53777169,C39幢,\N,\N,\N,\N,\N,\N,20220601,2,浙江省,杭州市,西湖区,转塘镇,,杭新路,,九溪玫瑰园东,,C39幢,,,,
杭州市西湖区转塘镇杭新路九溪玫瑰园东B7幢,2,杭州市,19,西湖区,274,转塘镇,4,53776988,B7幢,137734,杭新路,53776108,九溪玫瑰园,53776743,东,53776988,B7幢,\N,\N,\N,\N,\N,\N,20220601,2,浙江省,杭州市,西湖区,转塘镇,,杭新路,,九溪玫瑰园东,,B7幢,,,,
杭州市西湖区转塘镇杭新路九溪玫瑰园东C6幢,2,杭州市,19,西湖区,274,转塘镇,4,53777258,C6幢,137734,杭新路,53776108,九溪玫瑰园,53776743,东,53777258,C6幢,\N,\N,\N,\N,\N,\N,20220601,2,浙江省,杭州市,西湖区,转塘镇,,杭新路,,九溪玫瑰园东,,C6幢,,,,
杭州市西湖区转塘镇杭新路九溪玫瑰园东A1幢,2,杭州市,19,西湖区,274,转塘镇,4,53776791,A1幢,137734,杭新路,53776108,九溪玫瑰园,53776743,东,53776791,A1幢,\N,\N,\N,\N,\N,\N,20220601,2,浙江省,杭州市,西湖区,转塘镇,,杭新路,,九溪玫瑰园东,,A1幢,,,,
杭州市西湖区转塘镇杭新路九溪玫瑰园东D13幢,2,杭州市,19,西湖区,274,转塘镇,4,53777286,D13幢,137734,杭新路,53776108,九溪玫瑰园,53776743,东,53777286,D13幢,\N,\N,\N,\N,\N,\N,20220601,2,浙江省,杭州市,西湖区,转塘镇,,杭新路,,九溪玫瑰园东,,D13幢,,,,
杭州市西湖区转塘镇杭新路九溪玫瑰园东B25幢,2,杭州市,19,西湖区,274,转塘镇,4,53776909,B25幢,137734,杭新路,53776108,九溪玫瑰园,53776743,东,53776909,B25幢,\N,\N,\N,\N,\N,\N,20220601,2,浙江省,杭州市,西湖区,转塘镇,,杭新路,,九溪玫瑰园东,,B25幢,,,,
杭州市西湖区转塘镇杭新路九溪玫瑰园东C3幢,2,杭州市,19,西湖区,274,转塘镇,4,53777174,C3幢,137734,杭新路,53776108,九溪玫瑰园,53776743,东,53777174,C3幢,\N,\N,\N,\N,\N,\N,20220601,2,浙江省,杭州市,西湖区,转塘镇,,杭新路,,九溪玫瑰园东,,C3幢,,,,
杭州市西湖区转塘镇杭新路九溪玫瑰园东C32幢,2,杭州市,19,西湖区,274,转塘镇,4,53777119,C32幢,137734,杭新路,53776108,九溪玫瑰园,53776743,东,53777119,C32幢,\N,\N,\N,\N,\N,\N,20220601,2,浙江省,杭州市,西湖区,转塘镇,,杭新路,,九溪玫瑰园东,,C32幢,,,,
杭州市西湖区转塘镇杭新路九溪玫瑰园东D4幢,2,杭州市,19,西湖区,274,转塘镇,4,53777359,D4幢,137734,杭新路,53776108,九溪玫瑰园,53776743,东,53777359,D4幢,\N,\N,\N,\N,\N,\N,20220601,2,浙江省,杭州市,西湖区,转塘镇,,杭新路,,九溪玫瑰园东,,D4幢,,,,
杭州市西湖区转塘镇杭新路九溪玫瑰园东C36幢,2,杭州市,19,西湖区,274,转塘镇,4,53777136,C36幢,137734,杭新路,53776108,九溪玫瑰园,53776743,东,53777136,C36幢,\N,\N,\N,\N,\N,\N,20220601,2,浙江省,杭州市,西湖区,转塘镇,,杭新路,,九溪玫瑰园东,,C36幢,,,,
杭州市西湖区转塘镇杭新路九溪玫瑰园东B11幢,2,杭州市,19,西湖区,274,转塘镇,4,53776817,B11幢,137734,杭新路,53776108,九溪玫瑰园,53776743,东,53776817,B11幢,\N,\N,\N,\N,\N,\N,20220601,2,浙江省,杭州市,西湖区,转塘镇,,杭新路,,九溪玫瑰园东,,B11幢,,,,
杭州市西湖区转塘镇杭新路九溪玫瑰园东C47幢,2,杭州市,19,西湖区,274,转塘镇,4,53777208,C47幢,137734,杭新路,53776108,九溪玫瑰园,53776743,东,53777208,C47幢,\N,\N,\N,\N,\N,\N,20220601,2,浙江省,杭州市,西湖区,转塘镇,,杭新路,,九溪玫瑰园东,,C47幢,,,,
杭州市西湖区转塘镇杭新路九溪玫瑰园东A15幢,2,杭州市,19,西湖区,274,转塘镇,4,53776779,A15幢,137734,杭新路,53776108,九溪玫瑰园,53776743,东,53776779,A15幢,\N,\N,\N,\N,\N,\N,20220601,2,浙江省,杭州市,西湖区,转塘镇,,杭新路,,九溪玫瑰园东,,A15幢,,,,
杭州市西湖区转塘镇杭新路九溪玫瑰园东A10幢,2,杭州市,19,西湖区,274,转塘镇,4,53776744,A10幢,137734,杭新路,53776108,九溪玫瑰园,53776743,东,53776744,A10幢,\N,\N,\N,\N,\N,\N,20220601,2,浙江省,杭州市,西湖区,转塘镇,,杭新路,,九溪玫瑰园东,,A10幢,,,,
杭州市西湖区转塘镇杭新路九溪玫瑰园东B13幢,2,杭州市,19,西湖区,274,转塘镇,4,53776847,B13幢,137734,杭新路,53776108,九溪玫瑰园,53776743,东,53776847,B13幢,\N,\N,\N,\N,\N,\N,20220601,2,浙江省,杭州市,西湖区,转塘镇,,杭新路,,九溪玫瑰园东,,B13幢,,,,
杭州市西湖区转塘镇杭新路九溪玫瑰园东C22幢,2,杭州市,19,西湖区,274,转塘镇,4,53777060,C22幢,137734,杭新路,53776108,九溪玫瑰园,53776743,东,53777060,C22幢,\N,\N,\N,\N,\N,\N,20220601,2,浙江省,杭州市,西湖区,转塘镇,,杭新路,,九溪玫瑰园东,,C22幢,,,,
杭州市西湖区转塘镇杭新路九溪玫瑰园东B12幢,2,杭州市,19,西湖区,274,转塘镇,4,53776822,B12幢,137734,杭新路,53776108,九溪玫瑰园,53776743,东,53776822,B12幢,\N,\N,\N,\N,\N,\N,20220601,2,浙江省,杭州市,西湖区,转塘镇,,杭新路,,九溪玫瑰园东,,B12幢,,,,
杭州市西湖区转塘镇杭新路九溪玫瑰园东D8幢,2,杭州市,19,西湖区,274,转塘镇,4,53777371,D8幢,137734,杭新路,53776108,九溪玫瑰园,53776743,东,53777371,D8幢,\N,\N,\N,\N,\N,\N,20220601,2,浙江省,杭州市,西湖区,转塘镇,,杭新路,,九溪玫瑰园东,,D8幢,,,,
杭州市西湖区转塘镇杭新路九溪玫瑰园东D18幢,2,杭州市,19,西湖区,274,转塘镇,4,53777304,D18幢,137734,杭新路,53776108,九溪玫瑰园,53776743,东,53777304,D18幢,\N,\N,\N,\N,\N,\N,20220601,2,浙江省,杭州市,西湖区,转塘镇,,杭新路,,九溪玫瑰园东,,D18幢,,,,
杭州市西湖区转塘镇杭新路九溪玫瑰园东A9幢,2,杭州市,19,西湖区,274,转塘镇,4,53776836,A9幢,137734,杭新路,53776108,九溪玫瑰园,53776743,东,53776836,A9幢,\N,\N,\N,\N,\N,\N,20220601,2,浙江省,杭州市,西湖区,转塘镇,,杭新路,,九溪玫瑰园东,,A9幢,,,,
杭州市西湖区转塘镇杭新路九溪玫瑰园东D23幢,2,杭州市,19,西湖区,274,转塘镇,4,53777316,D23幢,137734,杭新路,53776108,九溪玫瑰园,53776743,东,53777316,D23幢,\N,\N,\N,\N,\N,\N,20220601,2,浙江省,杭州市,西湖区,转塘镇,,杭新路,,九溪玫瑰园东,,D23幢,,,,
杭州市西湖区转塘镇杭新路九溪玫瑰园东C16幢,2,杭州市,19,西湖区,274,转塘镇,4,53777046,C16幢,137734,杭新路,53776108,九溪玫瑰园,53776743,东,53777046,C16幢,\N,\N,\N,\N,\N,\N,20220601,2,浙江省,杭州市,西湖区,转塘镇,,杭新路,,九溪玫瑰园东,,C16幢,,,,
杭州市西湖区转塘镇杭新路九溪玫瑰园东D25幢,2,杭州市,19,西湖区,274,转塘镇,4,53777321,D25幢,137734,杭新路,53776108,九溪玫瑰园,53776743,东,53777321,D25幢,\N,\N,\N,\N,\N,\N,20220601,2,浙江省,杭州市,西湖区,转塘镇,,杭新路,,九溪玫瑰园东,,D25幢,,,,
杭州市西湖区转塘镇杭新路九溪玫瑰园东A14幢,2,杭州市,19,西湖区,274,转塘镇,4,53776776,A14幢,137734,杭新路,53776108,九溪玫瑰园,53776743,东,53776776,A14幢,\N,\N,\N,\N,\N,\N,20220601,2,浙江省,杭州市,西湖区,转塘镇,,杭新路,,九溪玫瑰园东,,A14幢,,,,
杭州市西湖区转塘镇杭新路九溪玫瑰园东C23幢,2,杭州市,19,西湖区,274,转塘镇,4,53777062,C23幢,137734,杭新路,53776108,九溪玫瑰园,53776743,东,53777062,C23幢,\N,\N,\N,\N,\N,\N,20220601,2,浙江省,杭州市,西湖区,转塘镇,,杭新路,,九溪玫瑰园东,,C23幢,,,,
杭州市西湖区转塘镇杭新路九溪玫瑰园东B17幢,2,杭州市,19,西湖区,274,转塘镇,4,53776864,B17幢,137734,杭新路,53776108,九溪玫瑰园,53776743,东,53776864,B17幢,\N,\N,\N,\N,\N,\N,20220601,2,浙江省,杭州市,西湖区,转塘镇,,杭新路,,九溪玫瑰园东,,B17幢,,,,
杭州市西湖区转塘镇杭新路九溪玫瑰园东B3幢,2,杭州市,19,西湖区,274,转塘镇,4,53776958,B3幢,137734,杭新路,53776108,九溪玫瑰园,53776743,东,53776958,B3幢,\N,\N,\N,\N,\N,\N,20220601,2,浙江省,杭州市,西湖区,转塘镇,,杭新路,,九溪玫瑰园东,,B3幢,,,,
杭州市西湖区转塘镇杭新路九溪玫瑰园东C41幢,2,杭州市,19,西湖区,274,转塘镇,4,53777184,C41幢,137734,杭新路,53776108,九溪玫瑰园,53776743,东,53777184,C41幢,\N,\N,\N,\N,\N,\N,20220601,2,浙江省,杭州市,西湖区,转塘镇,,杭新路,,九溪玫瑰园东,,C41幢,,,,
杭州市西湖区转塘镇杭新路九溪玫瑰园东D27幢,2,杭州市,19,西湖区,274,转塘镇,4,53777347,D27幢,137734,杭新路,53776108,九溪玫瑰园,53776743,东,53777347,D27幢,\N,\N,\N,\N,\N,\N,20220601,2,浙江省,杭州市,西湖区,转塘镇,,杭新路,,九溪玫瑰园东,,D27幢,,,,
杭州市西湖区转塘镇杭新路九溪玫瑰园东D7幢,2,杭州市,19,西湖区,274,转塘镇,4,53777368,D7幢,137734,杭新路,53776108,九溪玫瑰园,53776743,东,53777368,D7幢,\N,\N,\N,\N,\N,\N,20220601,2,浙江省,杭州市,西湖区,转塘镇,,杭新路,,九溪玫瑰园东,,D7幢,,,,
杭州市西湖区转塘镇杭新路九溪玫瑰园东B18幢,2,杭州市,19,西湖区,274,转塘镇,4,53776869,B18幢,137734,杭新路,53776108,九溪玫瑰园,53776743,东,53776869,B18幢,\N,\N,\N,\N,\N,\N,20220601,2,浙江省,杭州市,西湖区,转塘镇,,杭新路,,九溪玫瑰园东,,B18幢,,,,
杭州市西湖区转塘镇杭新路九溪玫瑰园东C9幢,2,杭州市,19,西湖区,274,转塘镇,4,53777270,C9幢,137734,杭新路,53776108,九溪玫瑰园,53776743,东,53777270,C9幢,\N,\N,\N,\N,\N,\N,20220601,2,浙江省,杭州市,西湖区,转塘镇,,杭新路,,九溪玫瑰园东,,C9幢,,,,
杭州市西湖区转塘镇杭新路九溪玫瑰园东C50幢,2,杭州市,19,西湖区,274,转塘镇,4,53777225,C50幢,137734,杭新路,53776108,九溪玫瑰园,53776743,东,53777225,C50幢,\N,\N,\N,\N,\N,\N,20220601,2,浙江省,杭州市,西湖区,转塘镇,,杭新路,,九溪玫瑰园东,,C50幢,,,,
杭州市西湖区转塘镇杭新路九溪玫瑰园东C38幢,2,杭州市,19,西湖区,274,转塘镇,4,53777144,C38幢,137734,杭新路,53776108,九溪玫瑰园,53776743,东,53777144,C38幢,\N,\N,\N,\N,\N,\N,20220601,2,浙江省,杭州市,西湖区,转塘镇,,杭新路,,九溪玫瑰园东,,C38幢,,,,
杭州市西湖区转塘镇杭新路九溪玫瑰园东B21幢,2,杭州市,19,西湖区,274,转塘镇,4,53776891,B21幢,137734,杭新路,53776108,九溪玫瑰园,53776743,东,53776891,B21幢,\N,\N,\N,\N,\N,\N,20220601,2,浙江省,杭州市,西湖区,转塘镇,,杭新路,,九溪玫瑰园东,,B21幢,,,,
杭州市西湖区转塘镇杭新路九溪玫瑰园东A4幢,2,杭州市,19,西湖区,274,转塘镇,4,53776801,A4幢,137734,杭新路,53776108,九溪玫瑰园,53776743,东,53776801,A4幢,\N,\N,\N,\N,\N,\N,20220601,2,浙江省,杭州市,西湖区,转塘镇,,杭新路,,九溪玫瑰园东,,A4幢,,,,
杭州市西湖区转塘镇杭新路九溪玫瑰园东D5幢,2,杭州市,19,西湖区,274,转塘镇,4,53777362,D5幢,137734,杭新路,53776108,九溪玫瑰园,53776743,东,53777362,D5幢,\N,\N,\N,\N,\N,\N,20220601,2,浙江省,杭州市,西湖区,转塘镇,,杭新路,,九溪玫瑰园东,,D5幢,,,,
杭州市西湖区转塘镇杭新路九溪玫瑰园东A2幢,2,杭州市,19,西湖区,274,转塘镇,4,53776794,A2幢,137734,杭新路,53776108,九溪玫瑰园,53776743,东,53776794,A2幢,\N,\N,\N,\N,\N,\N,20220601,2,浙江省,杭州市,西湖区,转塘镇,,杭新路,,九溪玫瑰园东,,A2幢,,,,
杭州市西湖区转塘镇杭新路九溪玫瑰园东D9幢,2,杭州市,19,西湖区,274,转塘镇,4,53777375,D9幢,137734,杭新路,53776108,九溪玫瑰园,53776743,东,53777375,D9幢,\N,\N,\N,\N,\N,\N,20220601,2,浙江省,杭州市,西湖区,转塘镇,,杭新路,,九溪玫瑰园东,,D9幢,,,,
杭州市西湖区转塘镇杭新路九溪玫瑰园东B10幢,2,杭州市,19,西湖区,274,转塘镇,4,53776814,B10幢,137734,杭新路,53776108,九溪玫瑰园,53776743,东,53776814,B10幢,\N,\N,\N,\N,\N,\N,20220601,2,浙江省,杭州市,西湖区,转塘镇,,杭新路,,九溪玫瑰园东,,B10幢,,,,
杭州市西湖区转塘镇杭新路九溪玫瑰园东C56幢,2,杭州市,19,西湖区,274,转塘镇,4,53777249,C56幢,137734,杭新路,53776108,九溪玫瑰园,53776743,东,53777249,C56幢,\N,\N,\N,\N,\N,\N,20220601,2,浙江省,杭州市,西湖区,转塘镇,,杭新路,,九溪玫瑰园东,,C56幢,,,,
杭州市西湖区转塘镇杭新路九溪玫瑰园东C1幢,2,杭州市,19,西湖区,274,转塘镇,4,53777054,C1幢,137734,杭新路,53776108,九溪玫瑰园,53776743,东,53777054,C1幢,\N,\N,\N,\N,\N,\N,20220601,2,浙江省,杭州市,西湖区,转塘镇,,杭新路,,九溪玫瑰园东,,C1幢,,,,
杭州市西湖区转塘镇杭新路九溪玫瑰园东C37幢,2,杭州市,19,西湖区,274,转塘镇,4,53777140,C37幢,137734,杭新路,53776108,九溪玫瑰园,53776743,东,53777140,C37幢,\N,\N,\N,\N,\N,\N,20220601,2,浙江省,杭州市,西湖区,转塘镇,,杭新路,,九溪玫瑰园东,,C37幢,,,,
杭州市西湖区转塘镇杭新路九溪玫瑰园东D21幢,2,杭州市,19,西湖区,274,转塘镇,4,53777312,D21幢,137734,杭新路,53776108,九溪玫瑰园,53776743,东,53777312,D21幢,\N,\N,\N,\N,\N,\N,20220601,2,浙江省,杭州市,西湖区,转塘镇,,杭新路,,九溪玫瑰园东,,D21幢,,,,
杭州市西湖区转塘镇杭新路九溪玫瑰园东B19幢,2,杭州市,19,西湖区,274,转塘镇,4,53776875,B19幢,137734,杭新路,53776108,九溪玫瑰园,53776743,东,53776875,B19幢,\N,\N,\N,\N,\N,\N,20220601,2,浙江省,杭州市,西湖区,转塘镇,,杭新路,,九溪玫瑰园东,,B19幢,,,,
杭州市西湖区转塘镇杭新路九溪玫瑰园东D6幢,2,杭州市,19,西湖区,274,转塘镇,4,53777365,D6幢,137734,杭新路,53776108,九溪玫瑰园,53776743,东,53777365,D6幢,\N,\N,\N,\N,\N,\N,20220601,2,浙江省,杭州市,西湖区,转塘镇,,杭新路,,九溪玫瑰园东,,D6幢,,,,
杭州市西湖区转塘镇杭新路九溪玫瑰园东D20幢,2,杭州市,19,西湖区,274,转塘镇,4,53777310,D20幢,137734,杭新路,53776108,九溪玫瑰园,53776743,东,53777310,D20幢,\N,\N,\N,\N,\N,\N,20220601,2,浙江省,杭州市,西湖区,转塘镇,,杭新路,,九溪玫瑰园东,,D20幢,,,,
杭州市西湖区转塘镇杭新路九溪玫瑰园东B14幢,2,杭州市,19,西湖区,274,转塘镇,4,53776851,B14幢,137734,杭新路,53776108,九溪玫瑰园,53776743,东,53776851,B14幢,\N,\N,\N,\N,\N,\N,20220601,2,浙江省,杭州市,西湖区,转塘镇,,杭新路,,九溪玫瑰园东,,B14幢,,,,
杭州市西湖区转塘镇杭新路九溪玫瑰园东C8幢,2,杭州市,19,西湖区,274,转塘镇,4,53777266,C8幢,137734,杭新路,53776108,九溪玫瑰园,53776743,东,53777266,C8幢,\N,\N,\N,\N,\N,\N,20220601,2,浙江省,杭州市,西湖区,转塘镇,,杭新路,,九溪玫瑰园东,,C8幢,,,,
杭州市西湖区转塘镇杭新路九溪玫瑰园东C27幢,2,杭州市,19,西湖区,274,转塘镇,4,53777095,C27幢,137734,杭新路,53776108,九溪玫瑰园,53776743,东,53777095,C27幢,\N,\N,\N,\N,\N,\N,20220601,2,浙江省,杭州市,西湖区,转塘镇,,杭新路,,九溪玫瑰园东,,C27幢,,,,
杭州市西湖区转塘镇杭新路九溪玫瑰园东C31幢,2,杭州市,19,西湖区,274,转塘镇,4,53777115,C31幢,137734,杭新路,53776108,九溪玫瑰园,53776743,东,53777115,C31幢,\N,\N,\N,\N,\N,\N,20220601,2,浙江省,杭州市,西湖区,转塘镇,,杭新路,,九溪玫瑰园东,,C31幢,,,,
杭州市西湖区转塘镇杭新路九溪玫瑰园东C55幢,2,杭州市,19,西湖区,274,转塘镇,4,53777245,C55幢,137734,杭新路,53776108,九溪玫瑰园,53776743,东,53777245,C55幢,\N,\N,\N,\N,\N,\N,20220601,2,浙江省,杭州市,西湖区,转塘镇,,杭新路,,九溪玫瑰园东,,C55幢,,,,
杭州市西湖区转塘镇杭新路九溪玫瑰园东B4幢,2,杭州市,19,西湖区,274,转塘镇,4,53776842,B4幢,137734,杭新路,53776108,九溪玫瑰园,53776743,东,53776842,B4幢,\N,\N,\N,\N,\N,\N,20220601,2,浙江省,杭州市,西湖区,转塘镇,,杭新路,,九溪玫瑰园东,,B4幢,,,,
杭州市西湖区转塘镇杭新路九溪玫瑰园东A11幢,2,杭州市,19,西湖区,274,转塘镇,4,53776767,A11幢,137734,杭新路,53776108,九溪玫瑰园,53776743,东,53776767,A11幢,\N,\N,\N,\N,\N,\N,20220601,2,浙江省,杭州市,西湖区,转塘镇,,杭新路,,九溪玫瑰园东,,A11幢,,,,
杭州市西湖区转塘镇杭新路九溪玫瑰园东A7幢,2,杭州市,19,西湖区,274,转塘镇,4,53776830,A7幢,137734,杭新路,53776108,九溪玫瑰园,53776743,东,53776830,A7幢,\N,\N,\N,\N,\N,\N,20220601,2,浙江省,杭州市,西湖区,转塘镇,,杭新路,,九溪玫瑰园东,,A7幢,,,,
杭州市西湖区转塘镇杭新路九溪玫瑰园东D15幢,2,杭州市,19,西湖区,274,转塘镇,4,53777295,D15幢,137734,杭新路,53776108,九溪玫瑰园,53776743,东,53777295,D15幢,\N,\N,\N,\N,\N,\N,20220601,2,浙江省,杭州市,西湖区,转塘镇,,杭新路,,九溪玫瑰园东,,D15幢,,,,
杭州市西湖区转塘镇杭新路九溪玫瑰园东A6幢,2,杭州市,19,西湖区,274,转塘镇,4,53776827,A6幢,137734,杭新路,53776108,九溪玫瑰园,53776743,东,53776827,A6幢,\N,\N,\N,\N,\N,\N,20220601,2,浙江省,杭州市,西湖区,转塘镇,,杭新路,,九溪玫瑰园东,,A6幢,,,,
杭州市西湖区转塘镇杭新路九溪玫瑰园东B2幢,2,杭州市,19,西湖区,274,转塘镇,4,53776938,B2幢,137734,杭新路,53776108,九溪玫瑰园,53776743,东,53776938,B2幢,\N,\N,\N,\N,\N,\N,20220601,2,浙江省,杭州市,西湖区,转塘镇,,杭新路,,九溪玫瑰园东,,B2幢,,,,
杭州市西湖区转塘镇杭新路九溪玫瑰园东C34幢,2,杭州市,19,西湖区,274,转塘镇,4,53777127,C34幢,137734,杭新路,53776108,九溪玫瑰园,53776743,东,53777127,C34幢,\N,\N,\N,\N,\N,\N,20220601,2,浙江省,杭州市,西湖区,转塘镇,,杭新路,,九溪玫瑰园东,,C34幢,,,,
杭州市西湖区转塘镇杭新路九溪玫瑰园东D16幢,2,杭州市,19,西湖区,274,转塘镇,4,53777298,D16幢,137734,杭新路,53776108,九溪玫瑰园,53776743,东,53777298,D16幢,\N,\N,\N,\N,\N,\N,20220601,2,浙江省,杭州市,西湖区,转塘镇,,杭新路,,九溪玫瑰园东,,D16幢,,,,
杭州市西湖区转塘镇杭新路九溪玫瑰园东C48幢,2,杭州市,19,西湖区,274,转塘镇,4,53777212,C48幢,137734,杭新路,53776108,九溪玫瑰园,53776743,东,53777212,C48幢,\N,\N,\N,\N,\N,\N,20220601,2,浙江省,杭州市,西湖区,转塘镇,,杭新路,,九溪玫瑰园东,,C48幢,,,,
杭州市西湖区转塘镇杭新路九溪玫瑰园东B23幢,2,杭州市,19,西湖区,274,转塘镇,4,53776902,B23幢,137734,杭新路,53776108,九溪玫瑰园,53776743,东,53776902,B23幢,\N,\N,\N,\N,\N,\N,20220601,2,浙江省,杭州市,西湖区,转塘镇,,杭新路,,九溪玫瑰园东,,B23幢,,,,
杭州市西湖区转塘镇杭新路九溪玫瑰园东D1幢,2,杭州市,19,西湖区,274,转塘镇,4,53777308,D1幢,137734,杭新路,53776108,九溪玫瑰园,53776743,东,53777308,D1幢,\N,\N,\N,\N,\N,\N,20220601,2,浙江省,杭州市,西湖区,转塘镇,,杭新路,,九溪玫瑰园东,,D1幢,,,,
杭州市西湖区转塘镇杭新路九溪玫瑰园东D19幢,2,杭州市,19,西湖区,274,转塘镇,4,53777306,D19幢,137734,杭新路,53776108,九溪玫瑰园,53776743,东,53777306,D19幢,\N,\N,\N,\N,\N,\N,20220601,2,浙江省,杭州市,西湖区,转塘镇,,杭新路,,九溪玫瑰园东,,D19幢,,,,
杭州市西湖区转塘镇杭新路九溪玫瑰园东C4幢,2,杭州市,19,西湖区,274,转塘镇,4,53777221,C4幢,137734,杭新路,53776108,九溪玫瑰园,53776743,东,53777221,C4幢,\N,\N,\N,\N,\N,\N,20220601,2,浙江省,杭州市,西湖区,转塘镇,,杭新路,,九溪玫瑰园东,,C4幢,,,,
杭州市西湖区转塘镇杭新路九溪玫瑰园东C30幢,2,杭州市,19,西湖区,274,转塘镇,4,53777111,C30幢,137734,杭新路,53776108,九溪玫瑰园,53776743,东,53777111,C30幢,\N,\N,\N,\N,\N,\N,20220601,2,浙江省,杭州市,西湖区,转塘镇,,杭新路,,九溪玫瑰园东,,C30幢,,,,
杭州市西湖区转塘镇杭新路九溪玫瑰园东C18幢,2,杭州市,19,西湖区,274,转塘镇,4,53777050,C18幢,137734,杭新路,53776108,九溪玫瑰园,53776743,东,53777050,C18幢,\N,\N,\N,\N,\N,\N,20220601,2,浙江省,杭州市,西湖区,转塘镇,,杭新路,,九溪玫瑰园东,,C18幢,,,,
杭州市西湖区转塘镇杭新路九溪玫瑰园东A18幢,2,杭州市,19,西湖区,274,转塘镇,4,53776788,A18幢,137734,杭新路,53776108,九溪玫瑰园,53776743,东,53776788,A18幢,\N,\N,\N,\N,\N,\N,20220601,2,浙江省,杭州市,西湖区,转塘镇,,杭新路,,九溪玫瑰园东,,A18幢,,,,
杭州市西湖区转塘镇杭新路九溪玫瑰园东B22幢,2,杭州市,19,西湖区,274,转塘镇,4,53776898,B22幢,137734,杭新路,53776108,九溪玫瑰园,53776743,东,53776898,B22幢,\N,\N,\N,\N,\N,\N,20220601,2,浙江省,杭州市,西湖区,转塘镇,,杭新路,,九溪玫瑰园东,,B22幢,,,,
杭州市西湖区转塘镇杭新路九溪玫瑰园东C33幢,2,杭州市,19,西湖区,274,转塘镇,4,53777123,C33幢,137734,杭新路,53776108,九溪玫瑰园,53776743,东,53777123,C33幢,\N,\N,\N,\N,\N,\N,20220601,2,浙江省,杭州市,西湖区,转塘镇,,杭新路,,九溪玫瑰园东,,C33幢,,,,
杭州市西湖区转塘镇杭新路九溪玫瑰园东B8幢,2,杭州市,19,西湖区,274,转塘镇,4,53776990,B8幢,137734,杭新路,53776108,九溪玫瑰园,53776743,东,53776990,B8幢,\N,\N,\N,\N,\N,\N,20220601,2,浙江省,杭州市,西湖区,转塘镇,,杭新路,,九溪玫瑰园东,,B8幢,,,,
杭州市拱墅区朝晖街道潮王路18号浙江工业大学化学工程与材料学院4F未覆盖,2,杭州市,18,拱墅区,276,朝晖街道,7,66311501,未覆盖,37927,潮王路,8280572,18号,66311463,浙江工业大学,66311486,化学工程与材料学院,\N,\N,66311500,4F,66311501,未覆盖,20220601,2,浙江省,杭州市,拱墅区,朝晖街道,,潮王路,18号,浙江工业大学化学工程与材料学院,,,,4层,,未覆盖
杭州市拱墅区朝晖街道潮王路18号浙江工业大学生物楼2F未覆盖,2,杭州市,18,拱墅区,276,朝晖街道,7,66311514,未覆盖,37927,潮王路,8280572,18号,66311463,浙江工业大学,66311508,生物楼,\N,\N,66311513,2F,66311514,未覆盖,20220601,2,浙江省,杭州市,拱墅区,朝晖街道,,潮王路,18号,浙江工业大学生物楼,,,,2层,,未覆盖
杭州市拱墅区朝晖街道潮王路18号浙江工业大学教学楼51F未覆盖,2,杭州市,18,拱墅区,276,朝晖街道,7,66311726,未覆盖,37927,潮王路,8280572,18号,66311463,浙江工业大学,66311724,教学楼5,\N,\N,66311725,1F,66311726,未覆盖,20220601,2,浙江省,杭州市,拱墅区,朝晖街道,,潮王路,18号,浙江工业大学教学楼,,5,,1层,,未覆盖
杭州市拱墅区朝晖街道潮王路18号浙江工业大学尚德园9幢1层未覆盖,2,杭州市,18,拱墅区,276,朝晖街道,7,84548782,未覆盖,37927,潮王路,8280572,18号,66311463,浙江工业大学,84548780,尚德园9幢,\N,\N,84548781,1层,84548782,未覆盖,20220601,2,浙江省,杭州市,拱墅区,朝晖街道,,潮王路,18号,浙江工业大学尚德园,,9幢,,1层,,未覆盖
杭州市拱墅区朝晖街道潮王路18号浙江工业大学学生公寓5幢8层未覆盖,2,杭州市,18,拱墅区,276,朝晖街道,7,84548501,未覆盖,37927,潮王路,8280572,18号,66311463,浙江工业大学,84548485,学生公寓5幢,\N,\N,84548500,8层,84548501,未覆盖,20220601,2,浙江省,杭州市,拱墅区,朝晖街道,,潮王路,18号,浙江工业大学学生公寓,,5幢,,8层,,未覆盖
杭州市拱墅区朝晖街道潮王路18号浙江工业大学化学工程与材料学院4F未覆盖,2,杭州市,18,拱墅区,276,朝晖街道,7,66311501,未覆盖,37927,潮王路,8280572,18号,66311463,浙江工业大学,66311486,化学工程与材料学院,\N,\N,66311500,4F,66311501,未覆盖,20220601,2,浙江省,杭州市,拱墅区,朝晖街道,,潮王路,18号,浙江工业大学化学工程与材料学院,,,,4层,,未覆盖
杭州市拱墅区朝晖街道潮王路18号浙江工业大学生物楼2F未覆盖,2,杭州市,18,拱墅区,276,朝晖街道,7,66311514,未覆盖,37927,潮王路,8280572,18号,66311463,浙江工业大学,66311508,生物楼,\N,\N,66311513,2F,66311514,未覆盖,20220601,2,浙江省,杭州市,拱墅区,朝晖街道,,潮王路,18号,浙江工业大学生物楼,,,,2层,,未覆盖
杭州市拱墅区朝晖街道潮王路18号浙江工业大学生物楼5F未覆盖,2,杭州市,18,拱墅区,276,朝晖街道,7,66311527,未覆盖,37927,潮王路,8280572,18号,66311463,浙江工业大学,66311508,生物楼,\N,\N,66311526,5F,66311527,未覆盖,20220601,2,浙江省,杭州市,拱墅区,朝晖街道,,潮王路,18号,浙江工业大学生物楼,,,,5层,,未覆盖
杭州市拱墅区朝晖街道潮王路18号浙江工业大学教学楼410F未覆盖,2,杭州市,18,拱墅区,276,朝晖街道,7,66311713,未覆盖,37927,潮王路,8280572,18号,66311463,浙江工业大学,66311692,教学楼4,\N,\N,66311712,10F,66311713,未覆盖,20220601,2,浙江省,杭州市,拱墅区,朝晖街道,,潮王路,18号,浙江工业大学教学楼,,4,,10层,,未覆盖
杭州市拱墅区朝晖街道潮王路18号浙江工业大学教学楼51F未覆盖,2,杭州市,18,拱墅区,276,朝晖街道,7,66311726,未覆盖,37927,潮王路,8280572,18号,66311463,浙江工业大学,66311724,教学楼5,\N,\N,66311725,1F,66311726,未覆盖,20220601,2,浙江省,杭州市,拱墅区,朝晖街道,,潮王路,18号,浙江工业大学教学楼,,5,,1层,,未覆盖
杭州市拱墅区朝晖街道潮王路18号浙江工业大学教学楼62F未覆盖,2,杭州市,18,拱墅区,276,朝晖街道,7,66311760,未覆盖,37927,潮王路,8280572,18号,66311463,浙江工业大学,66311735,教学楼6,\N,\N,66311738,2F,66311760,未覆盖,20220601,2,浙江省,杭州市,拱墅区,朝晖街道,,潮王路,18号,浙江工业大学教学楼,,6,,2层,,未覆盖
杭州市拱墅区朝晖街道潮王路18号浙江工业大学实验楼1F未覆盖,2,杭州市,18,拱墅区,276,朝晖街道,7,66311843,未覆盖,37927,潮王路,8280572,18号,66311463,浙江工业大学,66311841,实验楼,\N,\N,66311842,1F,66311843,未覆盖,20220601,2,浙江省,杭州市,拱墅区,朝晖街道,,潮王路,18号,浙江工业大学实验楼,,,,1层,,未覆盖
杭州市拱墅区朝晖街道潮王路18号浙江工业大学工会委员会2F未覆盖,2,杭州市,18,拱墅区,276,朝晖街道,7,66311856,未覆盖,37927,潮王路,8280572,18号,66311463,浙江工业大学,66311850,工会委员会,\N,\N,66311855,2F,66311856,未覆盖,20220601,2,浙江省,杭州市,拱墅区,朝晖街道,,潮王路,18号,浙江工业大学工会委员会,,,,2层,,未覆盖
杭州市拱墅区朝晖街道潮王路18号浙江工业大学幼儿园1层未覆盖,2,杭州市,18,拱墅区,276,朝晖街道,7,84548371,未覆盖,37927,潮王路,8280572,18号,66311463,浙江工业大学,84548369,幼儿园,\N,\N,84548370,1层,84548371,未覆盖,20220601,2,浙江省,杭州市,拱墅区,朝晖街道,,潮王路,18号,浙江工业大学幼儿园,,,,1层,,未覆盖
杭州市拱墅区朝晖街道潮王路18号浙江工业大学工程设计集团有限公司1层未覆盖,2,杭州市,18,拱墅区,276,朝晖街道,7,84548384,未覆盖,37927,潮王路,8280572,18号,66311463,浙江工业大学,84548382,工程设计集团有限公司,\N,\N,84548383,1层,84548384,未覆盖,20220601,2,浙江省,杭州市,拱墅区,朝晖街道,,潮王路,18号,浙江工业大学工程设计集团有限公司,,,,1层,,未覆盖
杭州市拱墅区朝晖街道潮王路18号浙江工业大学学生公寓6幢7层未覆盖,2,杭州市,18,拱墅区,276,朝晖街道,7,84548522,未覆盖,37927,潮王路,8280572,18号,66311463,浙江工业大学,84548508,学生公寓6幢,\N,\N,84548521,7层,84548522,未覆盖,20220601,2,浙江省,杭州市,拱墅区,朝晖街道,,潮王路,18号,浙江工业大学学生公寓,,6幢,,7层,,未覆盖
杭州市拱墅区朝晖街道潮王路18号浙江工业大学学生公寓7幢2层未覆盖,2,杭州市,18,拱墅区,276,朝晖街道,7,84548535,未覆盖,37927,潮王路,8280572,18号,66311463,浙江工业大学,84548531,学生公寓7幢,\N,\N,84548534,2层,84548535,未覆盖,20220601,2,浙江省,杭州市,拱墅区,朝晖街道,,潮王路,18号,浙江工业大学学生公寓,,7幢,,2层,,未覆盖
杭州市拱墅区朝晖街道潮王路18号浙江工业大学第三方独立药学检测实验室主楼10层未覆盖,2,杭州市,18,拱墅区,276,朝晖街道,7,84548583,未覆盖,37927,潮王路,8280572,18号,66311463,浙江工业大学,84548563,第三方独立药学检测实验室主楼,\N,\N,84548582,10层,84548583,未覆盖,20220601,2,浙江省,杭州市,拱墅区,朝晖街道,,潮王路,18号,浙江工业大学三方独立药学检测实验室主楼,,,,10层,,未覆盖
杭州市拱墅区朝晖街道潮王路18号浙江工业大学第三方独立药学检测实验室辅楼2层未覆盖,2,杭州市,18,拱墅区,276,朝晖街道,7,84548596,未覆盖,37927,潮王路,8280572,18号,66311463,浙江工业大学,84548592,第三方独立药学检测实验室辅楼,\N,\N,84548595,2层,84548596,未覆盖,20220601,2,浙江省,杭州市,拱墅区,朝晖街道,,潮王路,18号,浙江工业大学三方独立药学检测实验室辅楼,,,,2层,,未覆盖
杭州市拱墅区朝晖街道潮王路18号浙江工业大学图书馆7层未覆盖,2,杭州市,18,拱墅区,276,朝晖街道,7,84548665,未覆盖,37927,潮王路,8280572,18号,66311463,浙江工业大学,66311868,图书馆,\N,\N,84548664,7层,84548665,未覆盖,20220601,2,浙江省,杭州市,拱墅区,朝晖街道,,潮王路,18号,浙江工业大学图书馆,,,,7层,,未覆盖
杭州市拱墅区朝晖街道潮王路18号浙江工业大学留学生楼6层未覆盖,2,杭州市,18,拱墅区,276,朝晖街道,7,84548678,未覆盖,37927,潮王路,8280572,18号,66311463,浙江工业大学,84548666,留学生楼,\N,\N,84548677,6层,84548678,未覆盖,20220601,2,浙江省,杭州市,拱墅区,朝晖街道,,潮王路,18号,浙江工业大学留学生楼,,,,6层,,未覆盖
杭州市拱墅区朝晖街道潮王路18号浙江工业大学尚德园7幢1层未覆盖,2,杭州市,18,拱墅区,276,朝晖街道,7,84548760,未覆盖,37927,潮王路,8280572,18号,66311463,浙江工业大学,84548758,尚德园7幢,\N,\N,84548759,1层,84548760,未覆盖,20220601,2,浙江省,杭州市,拱墅区,朝晖街道,,潮王路,18号,浙江工业大学尚德园,,7幢,,1层,,未覆盖
杭州市拱墅区朝晖街道潮王路18号浙江工业大学尚德园9幢1层未覆盖,2,杭州市,18,拱墅区,276,朝晖街道,7,84548782,未覆盖,37927,潮王路,8280572,18号,66311463,浙江工业大学,84548780,尚德园9幢,\N,\N,84548781,1层,84548782,未覆盖,20220601,2,浙江省,杭州市,拱墅区,朝晖街道,,潮王路,18号,浙江工业大学尚德园,,9幢,,1层,,未覆盖
杭州市拱墅区朝晖街道潮王路18号浙江工业大学尚德园10幢2层未覆盖,2,杭州市,18,拱墅区,276,朝晖街道,7,84548795,未覆盖,37927,潮王路,8280572,18号,66311463,浙江工业大学,84548791,尚德园10幢,\N,\N,84548794,2层,84548795,未覆盖,20220601,2,浙江省,杭州市,拱墅区,朝晖街道,,潮王路,18号,浙江工业大学尚德园,,10幢,,2层,,未覆盖
杭州市拱墅区朝晖街道潮王路18号浙江工业大学MBA教育中心3层未覆盖,2,杭州市,18,拱墅区,276,朝晖街道,7,84548877,未覆盖,37927,潮王路,8280572,18号,66311463,浙江工业大学,84548871,MBA教育中心,\N,\N,84548876,3层,84548877,未覆盖,20220601,2,浙江省,杭州市,拱墅区,朝晖街道,,潮王路,18号,浙江工业大学MBA教育中心,,,,3层,,未覆盖
杭州市拱墅区朝晖街道潮王路18号浙江工业大学化学工程学院6层未覆盖,2,杭州市,18,拱墅区,276,朝晖街道,7,84548890,未覆盖,37927,潮王路,8280572,18号,66311463,浙江工业大学,84548878,化学工程学院,\N,\N,84548889,6层,84548890,未覆盖,20220601,2,浙江省,杭州市,拱墅区,朝晖街道,,潮王路,18号,浙江工业大学化学工程学院,,,,6层,,未覆盖
杭州市拱墅区朝晖街道潮王路18号浙江工业大学生物楼4层未覆盖,2,杭州市,18,拱墅区,276,朝晖街道,7,84548981,未覆盖,37927,潮王路,8280572,18号,66311463,浙江工业大学,66311508,生物楼,\N,\N,84548980,4层,84548981,未覆盖,20220601,2,浙江省,杭州市,拱墅区,朝晖街道,,潮王路,18号,浙江工业大学生物楼,,,,4层,,未覆盖
杭州市拱墅区朝晖街道潮王路18号浙江工业大学国际科技合作基地4层未覆盖,2,杭州市,18,拱墅区,276,朝晖街道,7,84548994,未覆盖,37927,潮王路,8280572,18号,66311463,浙江工业大学,84548986,国际科技合作基地,\N,\N,84548993,4层,84548994,未覆盖,20220601,2,浙江省,杭州市,拱墅区,朝晖街道,,潮王路,18号,浙江工业大学国际科技合作基地,,,,4层,,未覆盖
杭州市拱墅区朝晖街道潮王路18号浙江工业大学逸夫科学馆2层未覆盖,2,杭州市,18,拱墅区,276,朝晖街道,7,84549039,未覆盖,37927,潮王路,8280572,18号,66311463,浙江工业大学,84549035,逸夫科学馆,\N,\N,84549038,2层,84549039,未覆盖,20220601,2,浙江省,杭州市,拱墅区,朝晖街道,,潮王路,18号,浙江工业大学逸夫科学馆,,,,2层,,未覆盖
杭州市拱墅区朝晖街道潮王路18号浙江工业大学教学楼81F,2,杭州市,18,拱墅区,276,朝晖街道,6,66311793,1F,37927,潮王路,8280572,18号,66311463,浙江工业大学,66311792,教学楼8,\N,\N,66311793,1F,\N,\N,20220601,2,浙江省,杭州市,拱墅区,朝晖街道,,潮王路,18号,浙江工业大学教学楼,,8,,1层,,
杭州市拱墅区朝晖街道潮王路18号浙江工业大学教学楼84F,2,杭州市,18,拱墅区,276,朝晖街道,6,66311805,4F,37927,潮王路,8280572,18号,66311463,浙江工业大学,66311792,教学楼8,\N,\N,66311805,4F,\N,\N,20220601,2,浙江省,杭州市,拱墅区,朝晖街道,,潮王路,18号,浙江工业大学教学楼,,8,,4层,,
杭州市拱墅区朝晖街道潮王路18号浙江工业大学教学楼83F,2,杭州市,18,拱墅区,276,朝晖街道,6,66311801,3F,37927,潮王路,8280572,18号,66311463,浙江工业大学,66311792,教学楼8,\N,\N,66311801,3F,\N,\N,20220601,2,浙江省,杭州市,拱墅区,朝晖街道,,潮王路,18号,浙江工业大学教学楼,,8,,3层,,
杭州市拱墅区朝晖街道潮王路18号浙江工业大学教学楼82F,2,杭州市,18,拱墅区,276,朝晖街道,6,66311797,2F,37927,潮王路,8280572,18号,66311463,浙江工业大学,66311792,教学楼8,\N,\N,66311797,2F,\N,\N,20220601,2,浙江省,杭州市,拱墅区,朝晖街道,,潮王路,18号,浙江工业大学教学楼,,8,,2层,,
杭州市拱墅区朝晖街道潮王路18号浙江工业大学教学楼85F,2,杭州市,18,拱墅区,276,朝晖街道,6,66311809,5F,37927,潮王路,8280572,18号,66311463,浙江工业大学,66311792,教学楼8,\N,\N,66311809,5F,\N,\N,20220601,2,浙江省,杭州市,拱墅区,朝晖街道,,潮王路,18号,浙江工业大学教学楼,,8,,5层,,
杭州市拱墅区朝晖街道潮王路18号浙江工业大学尚德园2幢1层,2,杭州市,18,拱墅区,276,朝晖街道,6,84548704,1层,37927,潮王路,8280572,18号,66311463,浙江工业大学,84548703,尚德园2幢,\N,\N,84548704,1层,\N,\N,20220601,2,浙江省,杭州市,拱墅区,朝晖街道,,潮王路,18号,浙江工业大学尚德园,,2幢,,1层,,
杭州市拱墅区朝晖街道潮王路18号浙江工业大学尚德园2幢2层,2,杭州市,18,拱墅区,276,朝晖街道,6,84548706,2层,37927,潮王路,8280572,18号,66311463,浙江工业大学,84548703,尚德园2幢,\N,\N,84548706,2层,\N,\N,20220601,2,浙江省,杭州市,拱墅区,朝晖街道,,潮王路,18号,浙江工业大学尚德园,,2幢,,2层,,
杭州市拱墅区朝晖街道潮王路18号浙江工业大学尚德园2幢4层,2,杭州市,18,拱墅区,276,朝晖街道,6,84548710,4层,37927,潮王路,8280572,18号,66311463,浙江工业大学,84548703,尚德园2幢,\N,\N,84548710,4层,\N,\N,20220601,2,浙江省,杭州市,拱墅区,朝晖街道,,潮王路,18号,浙江工业大学尚德园,,2幢,,4层,,
杭州市拱墅区朝晖街道潮王路18号浙江工业大学尚德园2幢5层,2,杭州市,18,拱墅区,276,朝晖街道,6,84548712,5层,37927,潮王路,8280572,18号,66311463,浙江工业大学,84548703,尚德园2幢,\N,\N,84548712,5层,\N,\N,20220601,2,浙江省,杭州市,拱墅区,朝晖街道,,潮王路,18号,浙江工业大学尚德园,,2幢,,5层,,
杭州市拱墅区朝晖街道潮王路18号浙江工业大学尚德园2幢3层,2,杭州市,18,拱墅区,276,朝晖街道,6,84548708,3层,37927,潮王路,8280572,18号,66311463,浙江工业大学,84548703,尚德园2幢,\N,\N,84548708,3层,\N,\N,20220601,2,浙江省,杭州市,拱墅区,朝晖街道,,潮王路,18号,浙江工业大学尚德园,,2幢,,3层,,
杭州市拱墅区朝晖街道潮王路18号浙江工业大学尚德园3幢1层,2,杭州市,18,拱墅区,276,朝晖街道,6,84548715,1层,37927,潮王路,8280572,18号,66311463,浙江工业大学,84548714,尚德园3幢,\N,\N,84548715,1层,\N,\N,20220601,2,浙江省,杭州市,拱墅区,朝晖街道,,潮王路,18号,浙江工业大学尚德园,,3幢,,1层,,
杭州市拱墅区朝晖街道潮王路18号浙江工业大学尚德园3幢4层,2,杭州市,18,拱墅区,276,朝晖街道,6,84548721,4层,37927,潮王路,8280572,18号,66311463,浙江工业大学,84548714,尚德园3幢,\N,\N,84548721,4层,\N,\N,20220601,2,浙江省,杭州市,拱墅区,朝晖街道,,潮王路,18号,浙江工业大学尚德园,,3幢,,4层,,
杭州市拱墅区朝晖街道潮王路18号浙江工业大学尚德园3幢2层,2,杭州市,18,拱墅区,276,朝晖街道,6,84548717,2层,37927,潮王路,8280572,18号,66311463,浙江工业大学,84548714,尚德园3幢,\N,\N,84548717,2层,\N,\N,20220601,2,浙江省,杭州市,拱墅区,朝晖街道,,潮王路,18号,浙江工业大学尚德园,,3幢,,2层,,
杭州市拱墅区朝晖街道潮王路18号浙江工业大学尚德园3幢5层,2,杭州市,18,拱墅区,276,朝晖街道,6,84548723,5层,37927,潮王路,8280572,18号,66311463,浙江工业大学,84548714,尚德园3幢,\N,\N,84548723,5层,\N,\N,20220601,2,浙江省,杭州市,拱墅区,朝晖街道,,潮王路,18号,浙江工业大学尚德园,,3幢,,5层,,
杭州市拱墅区朝晖街道潮王路18号浙江工业大学尚德园3幢3层,2,杭州市,18,拱墅区,276,朝晖街道,6,84548719,3层,37927,潮王路,8280572,18号,66311463,浙江工业大学,84548714,尚德园3幢,\N,\N,84548719,3层,\N,\N,20220601,2,浙江省,杭州市,拱墅区,朝晖街道,,潮王路,18号,浙江工业大学尚德园,,3幢,,3层,,
